Your Unique Identifier,First Name,Middle Initial,Last Name,Name Suffix,Requester Return Field,Record Found Y/N,Search Date,College Code/Branch,College Name,College State,2-year / 4-year,Public / Private,Enrollment Begin,Enrollment End,Enrollment Status,Class Level,Enrollment Major 1,Enrollment CIP 1,Enrollment Major 2,Enrollment CIP 2,Graduated?,Graduation Date,Degree Title,Degree Major 1,Degree CIP 1,Degree Major 2,Degree CIP 2,Degree Major 3,Degree CIP 3,Degree Major 4,Degree CIP 4,College Sequence
,GARRETT,A,HIPP,,900817014,N,20260801,,,,,,,,,,,,,,N,,,,,,,,,,,
,CODY,J,BYESS,,900904334,N,20260801,,,,,,,,,,,,,,N,,,,,,,,,,,
,RYAN,J,HUMPHRIES,,900885776,N,20260801,,,,,,,,,,,,,,N,,,,,,,,,,,
,AERYN,I,JARVIS,,901088379,Y,20260801,001598-00,UNIVERSITY OF GEORGIA,GA,4,Public,20260804,20261231,F,B,PSYCHOLOGY,420101,,,N,,,,,,,,,,,1
,ADITI,A,CHAUDHARY,,901088130,Y,20260801,001574-00,GEORGIA STATE UNIVERSITY,GA,4,Public,20260824,20261215,F,F,PSYCHOLOGY,420101,,,N,,,,,,,,,,,1
,MICHAEL,R,ANDERSON,,901089969,N,20260801,,,,,,,,,,,,,,N,,,,,,,,,,,
,ASHER,E,SMITH,,901087235,N,20260801,,,,,,,,,,,,,,N,,,,,,,,,,,
,PARKER,J,GLENN,,901088405,N,20260801,,,,,,,,,,,,,,N,,,,,,,,,,,
,ALEX,E,BLACK,,901018512,Y,20260801,001556-00,BRENAU UNIVERSITY,GA,4,Private,20260817,20261204,H,R,BIOLOGY,260101,,,N,,,,,,,,,,,1
,ALEXANDRA,M,MAY,,900997145,N,20260801,,,,,,,,,,,,,,N,,,,,,,,,,,
,CLARK,E,STANCIL,,901087596,Y,20260801,001604-00,YOUNG HARRIS COLLEGE,GA,4,Private,20260817,20261211,F,,,,,,N,,,,,,,,,,,1
,IRENE,,LEE,,901057094,Y,20260801,001598-00,UNIVERSITY OF GEORGIA,GA,4,Public,20260804,20261231,F,B,PSYCHOLOGY,420101,,,N,,,,,,,,,,,1
,BENJAMIN,T,GRAICHEN,,901094017,Y,20260801,001574-00,GEORGIA STATE UNIVERSITY,GA,4,Public,20260824,20261215,F,F,PRE MARKETING,521401,,,N,,,,,,,,,,,1
,SOPHIA,M,HUNTER,,901032940,N,20260801,,,,,,,,,,,,,,N,,,,,,,,,,,
,JAEL,,MONTERROZA,,901117098,N,20260801,,,,,,,,,,,,,,N,,,,,,,,,,,
,HANIFAH,A,AROWOROWON,,901090740,Y,20260801,001574-00,GEORGIA STATE UNIVERSITY,GA,4,Public,20260824,20261215,F,F,BIOLOGICAL SCIENCE,260101,,,N,,,,,,,,,,,1
,BECK,A,MILLER,,901091293,Y,20260801,003448-00,UNIVERSITY OF SOUTH CAROLINA,SC,4,Public,20260816,20261214,F,F,EXERCISE SCIENCE,260908,,,N,,,,,,,,,,,1
,SAPHEYA,M,HASSAN,,901101291,N,20260801,,,,,,,,,,,,,,N,,,,,,,,,,,
,KATHERINE,E,TYBOR,,901084379,N,20260801,,,,,,,,,,,,,,N,,,,,,,,,,,
,YASSER,,MAHI,,901087738,Y,20260801,001574-06,GEORGIA STATE UNIVERSITY- PERIMETER COLLEGE,GA,2,Public,20260824,20261215,F,F,BIOLOGY,240101,,,N,,,,,,,,,,,1
,ALEXIS,B,CAIN,,901083760,N,20260801,,,,,,,,,,,,,,N,,,,,,,,,,,
,JOSHUA,A,BENFIELD,,900280850,N,20260801,,,,,,,,,,,,,,N,,,,,,,,,,,
,EMILY,K,SHEHANE,,901085381,N,20260801,,,,,,,,,,,,,,N,,,,,,,,,,,
,JESSICA,L,TRAN,,901057387,Y,20260801,001574-00,GEORGIA STATE UNIVERSITY,GA,4,Public,20260824,20261215,F,S,BIOLOGICAL SCIENCE,260101,,,N,,,,,,,,,,,1
,SARAH,K,STRICKLAND,,901057206,Y,20260801,001598-00,UNIVERSITY OF GEORGIA,GA,4,Public,20260804,20261231,F,B,FURNISHINGS AND INTERIORS,190601,,,N,,,,,,,,,,,1
,DANIEL,,GIBSON,,901089209,Y,20260801,001577-00,KENNESAW STATE UNIVERSITY,GA,4,Public,20260824,20261214,F,B,MECHANICAL ENGINEERING,141901,,,N,,,,,,,,,,,1
,SAVANNAH,M,LOVE,,901021410,N,20260801,,,,,,,,,,,,,,N,,,,,,,,,,,
,LOWRY,K,HODGSON,,901089574,Y,20260801,001598-00,UNIVERSITY OF GEORGIA,GA,4,Public,20260804,20261231,F,B,INTENDED PUBLIC RELATIONS,090902,,,N,,,,,,,,,,,1
,EMMA,C,DORSEY,,901089616,N,20260801,,,,,,,,,,,,,,N,,,,,,,,,,,
,COOPER,D,MEGLAUGHLIN,,901088884,N,20260801,,,,,,,,,,,,,,N,,,,,,,,,,,
,AUBRIANNA,E,MENARD,,901085012,Y,20260801,001598-00,UNIVERSITY OF GEORGIA,GA,4,Public,20260804,20261231,F,B,AG AND ENV SCI COMMUNICATION,010802,,,N,,,,,,,,,,,1
,ABIGAIL,J,THOMPSON,,901086819,N,20260801,,,,,,,,,,,,,,N,,,,,,,,,,,
,DARSHANA,,KOLAKULATH,,901087439,Y,20260801,001574-00,GEORGIA STATE UNIVERSITY,GA,4,Public,20260824,20261215,F,F,BIOLOGICAL SCIENCE,260101,,,N,,,,,,,,,,,1
,KATIE,L,VANGOTUM,,901089511,Y,20260801,001598-00,UNIVERSITY OF GEORGIA,GA,4,Public,20260804,20261231,F,B,INTENDED ELEMENTARY EDUCATION,131202,,,N,,,,,,,,,,,1
,AARUSHI,V,SHAH,,901091372,N,20260801,,,,,,,,,,,,,,N,,,,,,,,,,,
,CAMRYN,T,SAULS,,901088766,N,20260801,,,,,,,,,,,,,,N,,,,,,,,,,,
,DAMIAN,W,DRUCKER,,901090027,Y,20260801,001577-00,KENNESAW STATE UNIVERSITY,GA,4,Public,20260824,20261214,Q,B,FOCUS AREA BUSINESS MGMT,240102,,,N,,,,,,,,,,,1
,ANNABEL,L,JOYNER,,900886393,N,20260801,,,,,,,,,,,,,,N,,,,,,,,,,,
,CHERIE,D,HOTT,,900727961,N,20260801,,,,,,,,,,,,,,N,,,,,,,,,,,
,BROOKLYN,K,MILLER,,901085456,N,20260801,,,,,,,,,,,,,,N,,,,,,,,,,,
,AUBREY,D,PETTUS,,901086967,Y,20260801,001051-00,UNIVERSITY OF ALABAMA,AL,4,Public,20260819,20261211,F,B,NURSING,513801,,,N,,,,,,,,,,,1
,SOFIA,A,HERNANDEZ,,901089269,Y,20260801,001554-00,BERRY COLLEGE,GA,4,Private,20260824,20261211,F,F,UNDECLARED,240102,,,N,,,,,,,,,,,1
,WILLIAM,M,NORTON,,900792438,N,20260801,,,,,,,,,,,,,,N,,,,,,,,,,,
,JAXON,M,WEST,,901106056,N,20260801,,,,,,,,,,,,,,N,,,,,,,,,,,
,JOSEPHINE,P,SEARS,,901087515,N,20260801,,,,,,,,,,,,,,N,,,,,,,,,,,
,SELAYA,,ABRAHAM,,901079598,N,20260801,,,,,,,,,,,,,,N,,,,,,,,,,,
,JAMAURY,A,LEE-HARPER,,901117398,N,20260801,,,,,,,,,,,,,,N,,,,,,,,,,,
,JULIAN,J,MENDOZA,,901117530,N,20260801,,,,,,,,,,,,,,N,,,,,,,,,,,
,ZY'MARIYA,K,FORD,,901117088,Y,20260801,001574-06,GEORGIA STATE UNIVERSITY- PERIMETER COLLEGE,GA,2,Public,20260511,20260803,L,F,BUSINESS ADMINISTRATION,240101,,,N,,,,,,,,,,,1
,ROSELINE,V,VELASQUEZ LOARCA,,901086919,N,20260801,,,,,,,,,,,,,,N,,,,,,,,,,,
,SAVANNAH,M,ROBERTS,,901090968,N,20260801,,,,,,,,,,,,,,N,,,,,,,,,,,
,JORDAN,H,SLOAN,,901068842,N,20260801,,,,,,,,,,,,,,N,,,,,,,,,,,
,KATHLEEN,E,FULGINITI,,901085133,N,20260801,,,,,,,,,,,,,,N,,,,,,,,,,,
,JENNIFER,,GARCIA,,901068785,N,20260801,,,,,,,,,,,,,,N,,,,,,,,,,,
,OMAR,,POWELL,,901087010,N,20260801,,,,,,,,,,,,,,N,,,,,,,,,,,
,DAVIS,M,SANDERS,,901084936,N,20260801,,,,,,,,,,,,,,N,,,,,,,,,,,
,ZACHARY,T,ROBINSON,,901096239,N,20260801,,,,,,,,,,,,,,N,,,,,,,,,,,
,AUDREY,M,FRILOT,,901084930,N,20260801,,,,,,,,,,,,,,N,,,,,,,,,,,
,CHARLEY,B,HEASLIP,,901093502,N,20260801,,,,,,,,,,,,,,N,,,,,,,,,,,
,ELIANA,,SCHIFFHAUER,,901092457,N,20260801,,,,,,,,,,,,,,N,,,,,,,,,,,
,SAMANTHA,K,SMITH,,901094709,Y,20260801,001598-00,UNIVERSITY OF GEORGIA,GA,4,Public,20260804,20261231,F,B,ENGLISH,230101,,,N,,,,,,,,,,,1
,REBECCA,C,HARRIS,,901087556,Y,20260801,001598-00,UNIVERSITY OF GEORGIA,GA,4,Public,20260804,20261231,F,B,INTENDED HEALTH PROMOTION,512207,,,N,,,,,,,,,,,1
,ADELA,K,DAUGHERTY,,901054927,N,20260801,,,,,,,,,,,,,,N,,,,,,,,,,,
,SAMUEL,M,ROBERTSON,,901074361,Y,20260801,001572-00,GEORGIA SOUTHERN UNIVERSITY,GA,4,Public,20260819,20261205,F,B,CONSTRUCTION MANAGEMENT,151001,,,N,,,,,,,,,,,1
,ALANA,J,BRICELY,,901088145,Y,20260801,001598-00,UNIVERSITY OF GEORGIA,GA,4,Public,20260804,20261231,F,B,INTENDED ELEMENTARY EDUCATION,131202,,,N,,,,,,,,,,,1
,ISAAC,,CABEZAS,,901089386,N,20260801,,,,,,,,,,,,,,N,,,,,,,,,,,
,MATTHEW,V,RUSSO,,901086810,N,20260801,,,,,,,,,,,,,,N,,,,,,,,,,,
,ELISE,M,WILSON,,901088819,Y,20260801,001577-00,KENNESAW STATE UNIVERSITY,GA,4,Public,20260824,20261214,F,B,CRIMINAL JUSTICE,430104,,,N,,,,,,,,,,,1
,CENIYAH,J,MCCOY,,901091772,N,20260801,,,,,,,,,,,,,,N,,,,,,,,,,,
,OWEN,A,GONZALEZ,,901096083,N,20260801,,,,,,,,,,,,,,N,,,,,,,,,,,
,ISABELLE,C,WILLIAMS,,901087386,Y,20260801,001598-00,UNIVERSITY OF GEORGIA,GA,4,Public,20260804,20261231,F,B,AGRIBUSINESS,010102,,,N,,,,,,,,,,,1
,KAREN,L,WRIGHT,,901089370,Y,20260801,001598-00,UNIVERSITY OF GEORGIA,GA,4,Public,20260804,20261231,F,B,INTENDED RISK MGMT INSUR,521701,,,N,,,,,,,,,,,1
,LANDON,C,BETHUNE,,901116752,N,20260801,,,,,,,,,,,,,,N,,,,,,,,,,,
,ABIGAIL,L,ALI,,901116753,N,20260801,,,,,,,,,,,,,,N,,,,,,,,,,,
,RICARDO,J,MARTINEZ,,900865465,N,20260801,,,,,,,,,,,,,,N,,,,,,,,,,,
,PRESLEY,M,KRAVA,,901045075,N,20260801,,,,,,,,,,,,,,N,,,,,,,,,,,
,IBRAHIM,R,REKAYA,,901084560,Y,20260801,001574-00,GEORGIA STATE UNIVERSITY,GA,4,Public,20260824,20261215,F,S,PRE BBA UNDECLARED,240102,,,N,,,,,,,,,,,1
,ARACELY,G,GARZA-GARCIA,,901035546,Y,20260801,001556-00,BRENAU UNIVERSITY,GA,4,Private,20260817,20261204,F,F,PSYCHOLOGY-UGRAD,420101,,,N,,,,,,,,,,,1
,ADALEANE,T,BRYANT,,901065174,N,20260801,,,,,,,,,,,,,,N,,,,,,,,,,,
,KINGSLEY,G,MASHBURN,,901054520,Y,20260801,001598-00,UNIVERSITY OF GEORGIA,GA,4,Public,20260804,20261231,F,B,SOCIAL ENTR CONS WELL BEING,520704,,,N,,,,,,,,,,,1
,HADLEY,C,O'HARA,,901054569,Y,20260801,001598-00,UNIVERSITY OF GEORGIA,GA,4,Public,20260804,20261231,F,B,INTENDED FINANCE,520801,INTENDED BUSINESS UNSPECIFIED,520101,N,,,,,,,,,,,1
,BRYCE,H,GINDLESPERGER,,901088058,N,20260801,,,,,,,,,,,,,,N,,,,,,,,,,,
,LAUREN,E,TATUM,,901075080,N,20260801,,,,,,,,,,,,,,N,,,,,,,,,,,
,PAYTON,J,HAMILTON,,901085249,N,20260801,,,,,,,,,,,,,,N,,,,,,,,,,,
,ELIZABETH,T,MYASKOVSKY,,901090413,Y,20260801,001598-00,UNIVERSITY OF GEORGIA,GA,4,Public,20260804,20261231,F,B,INTENDED MARKETING,521401,,,N,,,,,,,,,,,1
,ANDREW,R,DAVIS,,901089809,Y,20260801,001554-00,BERRY COLLEGE,GA,4,Private,20260824,20261211,F,F,RELIGION & PHILOSOPHY,380001,,,N,,,,,,,,,,,1
,JACOB,D,WHEELER,,901089204,N,20260801,,,,,,,,,,,,,,N,,,,,,,,,,,
,EMMA,M,MOORE,,900976409,N,20260801,,,,,,,,,,,,,,N,,,,,,,,,,,
,PARKER,J,AUSTIN,,901091394,Y,20260801,001598-00,UNIVERSITY OF GEORGIA,GA,4,Public,20260804,20261231,F,B,BIOMEDICAL PHYSIOLOGY,260901,,,N,,,,,,,,,,,1
,GRANT,W,KOHNLE,,901091861,Y,20260801,001598-00,UNIVERSITY OF GEORGIA,GA,4,Public,20260804,20261231,F,B,INTENDED MECHANICAL ENG,141901,,,N,,,,,,,,,,,1
,WILLIAM,G,FOLSOM,,901089528,N,20260801,,,,,,,,,,,,,,N,,,,,,,,,,,
,BRANSON,G,SNIDER,,901088859,N,20260801,,,,,,,,,,,,,,N,,,,,,,,,,,
,SCOTT,M,MORTON,,901087479,Y,20260801,001577-00,KENNESAW STATE UNIVERSITY,GA,4,Public,20260824,20261214,F,B,AEROSPACE ENGINEERING,140201,,,N,,,,,,,,,,,1
,RHETT,D,COCKFIELD,,901087514,Y,20260801,001577-00,KENNESAW STATE UNIVERSITY,GA,4,Public,20260824,20261214,F,B,ELECTRICAL ENGINEERING,141001,,,N,,,,,,,,,,,1
,SUSANA,,CADAVID-GIRALDO,,901054978,Y,20260801,001572-00,GEORGIA SOUTHERN UNIVERSITY,GA,4,Public,20260819,20261205,F,B,SPORT MANAGEMENT,310504,,,N,,,,,,,,,,,1
,ABAGAIL,,LOGWOOD,,901117359,N,20260801,,,,,,,,,,,,,,N,,,,,,,,,,,
,PRINSTON,C,ROSE,,901117400,Y,20260801,041429-00,GEORGIA GWINNETT COLLEGE,GA,4,Public,20260810,20261208,F,B,MATH APPLIED MATH,270101,,,N,,,,,,,,,,,1
,INGRID,,LOPEZ,,901117513,N,20260801,,,,,,,,,,,,,,N,,,,,,,,,,,
,ISABELLA,,KASHAPOV,,901085136,Y,20260801,001588-00,PIEDMONT UNIVERSITY,GA,4,Private,20260812,20261208,F,F,FORENSIC SCIENCE,430406,,,N,,,,,,,,,,,1
,CATHERINE,L,MOORE,,900515653,N,20260801,,,,,,,,,,,,,,N,,,,,,,,,,,
,NATHALIA,V,ESCOBAR CARRILLO,,901079080,Y,20260801,001547-00,POINT UNIVERSITY,GA,4,Private,20260511,20260809,L,S,,310505,,,N,,,,,,,,,,,1
,ELLA,G,BROWN,,901082953,Y,20260801,001598-00,UNIVERSITY OF GEORGIA,GA,4,Public,20260804,20261231,F,B,INTENDED EXERCISE AND SPORT SC,310505,,,N,,,,,,,,,,,1
,MARENA,L,PARODI,,901042207,Y,20260801,001577-00,KENNESAW STATE UNIVERSITY,GA,4,Public,20260824,20261214,F,B,EXERCISE SCIENCE INTEREST,260908,,,N,,,,,,,,,,,1
,VIVIAN,,NGUYEN,,901125198,Y,20260801,001598-00,UNIVERSITY OF GEORGIA,GA,4,Public,20260512,20260803,F,B,BIOMEDICAL PHYSIOLOGY,260901,,,N,,,,,,,,,,,1
,VIVIAN,,NGUYEN,,901125198,Y,20260801,001598-00,UNIVERSITY OF GEORGIA,GA,4,Public,20260804,20261231,F,B,BIOMEDICAL PHYSIOLOGY,260901,,,N,,,,,,,,,,,1
,SYDNEY,C,MARTIN,,901087265,N,20260801,,,,,,,,,,,,,,N,,,,,,,,,,,
,YAIR,,MENDEZ LOPEZ,,901124569,N,20260801,,,,,,,,,,,,,,N,,,,,,,,,,,
,ALICIA,,CALDERON,,900494224,N,20260801,,,,,,,,,,,,,,N,,,,,,,,,,,
,SHILOH,R,CLAUSSEN,,901105988,N,20260801,,,,,,,,,,,,,,N,,,,,,,,,,,
,EMILY,R,REDMON,,901093773,Y,20260801,002981-00,WESTERN CAROLINA UNIVERSITY,NC,4,Public,20260817,20261211,F,B,FORENSIC SCIENCE,430406,,,N,,,,,,,,,,,1
,SANJITHA,,KANAGASABAPATHI,,901093769,N,20260801,,,,,,,,,,,,,,N,,,,,,,,,,,
,HIBA,,EL HADI,,901115149,N,20260801,,,,,,,,,,,,,,N,,,,,,,,,,,
,ADDISON,G,NICHOLS,,901054661,Y,20260801,001598-00,UNIVERSITY OF GEORGIA,GA,4,Public,20260804,20261231,F,B,INTENDED DIETETICS,301901,,,N,,,,,,,,,,,1
,AMELIA,A,BELLAVANCE,,901095022,Y,20260801,001596-00,UNIVERSITY OF TOCCOA FALLS,GA,4,Private,20260824,20261211,H,,NOT APPLICABLE,,,,N,,,,,,,,,,,1
,DEVIN,L,SHOEMAKE,,901101780,N,20260801,,,,,,,,,,,,,,N,,,,,,,,,,,
,TIEN,,NGUYEN,,901067171,N,20260801,,,,,,,,,,,,,,N,,,,,,,,,,,
,ABIGAIL,E,BARRETT,,901055115,Y,20260801,001554-00,BERRY COLLEGE,GA,4,Private,20260824,20261211,F,S,BIOLOGY,260101,,,N,,,,,,,,,,,1
,ESSENCE,,VASSELL,,900938269,Y,20260801,001556-00,BRENAU UNIVERSITY,GA,4,Private,20260504,20260814,L,R,NURSING,513801,,,N,,,,,,,,,,,1
,ESSENCE,,VASSELL,,900938269,Y,20260801,001556-00,BRENAU UNIVERSITY,GA,4,Private,20260817,20261204,F,R,NURSING,513801,,,N,,,,,,,,,,,1
,CADIE,E,KILGORE,,900937842,N,20260801,,,,,,,,,,,,,,N,,,,,,,,,,,
,CHRISTOPHER,G,BAXTER,,901050591,N,20260801,,,,,,,,,,,,,,N,,,,,,,,,,,
,PATRICK,,POPA,,901054925,N,20260801,,,,,,,,,,,,,,N,,,,,,,,,,,
,RANI,K,KERL,,901087445,Y,20260801,001598-00,UNIVERSITY OF GEORGIA,GA,4,Public,20260804,20261231,F,B,INTENDED FINANCE,520801,INTENDED INTERNATIONAL BUS,521101,N,,,,,,,,,,,1
,JACKSON,T,GODFREY,,901089373,Y,20260801,001598-00,UNIVERSITY OF GEORGIA,GA,4,Public,20260804,20261231,F,B,INTENDED ELECTRCL ELECTRON ENG,141001,,,N,,,,,,,,,,,1
,CECILY,,SULLIVAN,,901096472,Y,20260801,001598-00,UNIVERSITY OF GEORGIA,GA,4,Public,20260512,20260803,F,B,ENGLISH,230101,,,N,,,,,,,,,,,1
,CECILY,,SULLIVAN,,901096472,Y,20260801,001598-00,UNIVERSITY OF GEORGIA,GA,4,Public,20260804,20261231,F,B,ENGLISH,230101,,,N,,,,,,,,,,,1
,AAHANA,,JAIN,,901089803,N,20260801,,,,,,,,,,,,,,N,,,,,,,,,,,
,OWEN,,OTT,,901125276,N,20260801,,,,,,,,,,,,,,N,,,,,,,,,,,
,SHAWN,L,PHILLIPS,,901124730,N,20260801,,,,,,,,,,,,,,N,,,,,,,,,,,
,MYLES,D,CARBIS,,901056703,N,20260801,,,,,,,,,,,,,,N,,,,,,,,,,,
,ABIGAIL,E,LYNCH,,901083843,Y,20260801,001572-00,GEORGIA SOUTHERN UNIVERSITY,GA,4,Public,20260819,20261205,F,B,PSYCHOLOGY,420101,,,N,,,,,,,,,,,1
,ALYSSA,L,AMES,,901089340,N,20260801,,,,,,,,,,,,,,N,,,,,,,,,,,
,JASON,,NGUYEN,,901091329,Y,20260801,001577-00,KENNESAW STATE UNIVERSITY,GA,4,Public,20260824,20261214,F,B,MECHANICAL ENGINEERING,141901,,,N,,,,,,,,,,,1
,BROOKS,D,CASS,,901094182,Y,20260801,001598-00,UNIVERSITY OF GEORGIA,GA,4,Public,20260804,20261231,F,B,INTENDED REAL ESTATE,521501,,,N,,,,,,,,,,,1
,ASHLYN,S,TRAPNELL,,901056489,N,20260801,,,,,,,,,,,,,,N,,,,,,,,,,,
,SAVANNAH,L,RYAN,,901093363,Y,20260801,001588-00,PIEDMONT UNIVERSITY,GA,4,Private,20260812,20261208,H,F,,,,,N,,,,,,,,,,,1
,SAVANNAH,L,RYAN,,901093363,Y,20260801,001604-00,YOUNG HARRIS COLLEGE,GA,4,Private,20260817,20261211,H,,,,,,N,,,,,,,,,,,2
,RISHIT SAI,,SALVA VIJAYA,,901123855,N,20260801,,,,,,,,,,,,,,N,,,,,,,,,,,
,JANIE,M,TRIBICK,,901117102,N,20260801,,,,,,,,,,,,,,N,,,,,,,,,,,
,PAULINA,T,NGUYEN,,901056868,Y,20260801,001577-00,KENNESAW STATE UNIVERSITY,GA,4,Public,20260824,20261214,F,B,INTEGRATED HEALTH SCIENCE,510000,,,N,,,,,,,,,,,1
,ANGELINA,Y,YANG,,901044515,N,20260801,,,,,,,,,,,,,,N,,,,,,,,,,,
,DAVID,K,SALU,,901123615,Y,20260801,001585-00,UNIVERSITY OF NORTH GEORGIA,GA,4,Public,20260810,20261204,F,A,ENGINEERING PATHWAY,240101,,,N,,,,,,,,,,,1
,VALARIE,N,HENSON,,901114603,N,20260801,,,,,,,,,,,,,,N,,,,,,,,,,,
,JOB,,BERNADIN,,901121647,N,20260801,,,,,,,,,,,,,,N,,,,,,,,,,,
,JOHN,A,NESMITH,,901114864,N,20260801,,,,,,,,,,,,,,N,,,,,,,,,,,
,SOPHIA,G,KELLY,,901116743,Y,20260801,001577-00,KENNESAW STATE UNIVERSITY,GA,4,Public,20260824,20261214,F,B,ECONOMICS INTEREST,520601,,,N,,,,,,,,,,,1
,MICHAEL,S,MOORE,,900836978,N,20260801,,,,,,,,,,,,,,N,,,,,,,,,,,
,SHARIF,K,ROBBINS-BRINSON,,901067330,N,20260801,,,,,,,,,,,,,,N,,,,,,,,,,,
,LINDSEY,A,TURNER,,901100310,N,20260801,,,,,,,,,,,,,,N,,,,,,,,,,,
,TIFFANY,,LITTLE,,901096163,Y,20260801,033394-00,WESTERN GOVERNORS UNIVERSITY,UT,4,Private,20260301,20260325,W,B,EDUCATIONAL STUDIES,130101,,,N,,,,,,,,,,,1
,ELI,D,HINTON,,901087660,Y,20260801,001598-00,UNIVERSITY OF GEORGIA,GA,4,Public,20260804,20261231,F,B,PSYCHOLOGY,420101,,,N,,,,,,,,,,,1
,DYLAN,I,HAN,,901020828,N,20260801,,,,,,,,,,,,,,N,,,,,,,,,,,
,ANSLEY,P,MALCOLM,,900948203,N,20260801,,,,,,,,,,,,,,N,,,,,,,,,,,
,ETHAN,J,DAY,,901085276,Y,20260801,001596-00,UNIVERSITY OF TOCCOA FALLS,GA,4,Private,20260824,20261211,F,,MUSIC EDUCATION (K-12),131312,,,N,,,,,,,,,,,1
,OLIVIA,A,LIFSEY,,901084454,Y,20260801,001572-00,GEORGIA SOUTHERN UNIVERSITY,GA,4,Public,20260819,20261205,F,B,EXERCISE SCIENCE,310505,,,N,,,,,,,,,,,1
,OLIVIA,M,WALLS,,901056756,Y,20260801,001598-00,UNIVERSITY OF GEORGIA,GA,4,Public,20260804,20261231,F,B,BIOCHEM AND MOLECULAR BIOLOGY,260210,,,N,,,,,,,,,,,1
,NEALEE,K,HUBBARD,,900941942,N,20260801,,,,,,,,,,,,,,N,,,,,,,,,,,
,KAILEY,,DECKMAN,,901100328,N,20260801,,,,,,,,,,,,,,N,,,,,,,,,,,
,KATHERINE,E,WALKER,,901057208,Y,20260801,001598-00,UNIVERSITY OF GEORGIA,GA,4,Public,20260512,20260803,F,B,REGENERATIVE BIOSCIENCE,260102,,,N,,,,,,,,,,,1
,KATHERINE,E,WALKER,,901057208,Y,20260801,001598-00,UNIVERSITY OF GEORGIA,GA,4,Public,20260804,20261231,F,B,REGENERATIVE BIOSCIENCE,260102,,,N,,,,,,,,,,,1
,FIONA,F,RICHARDSON,,901057320,N,20260801,,,,,,,,,,,,,,N,,,,,,,,,,,
,CHLOE,I,HARBIN,,901101556,Y,20260801,001572-00,GEORGIA SOUTHERN UNIVERSITY,GA,4,Public,20260819,20261205,F,A,AS CORE CURRICULUM,240101,,,N,,,,,,,,,,,1
,DEREK,T,CHUNG,,901125177,N,20260801,,,,,,,,,,,,,,N,,,,,,,,,,,
,KASHAYLA,,RELEFOURD,,901122063,N,20260801,,,,,,,,,,,,,,N,,,,,,,,,,,
,CAROLINE,E,GREENE,,900966939,N,20260801,,,,,,,,,,,,,,N,,,,,,,,,,,
,LANDON,P,PIERCE,,901064270,N,20260801,,,,,,,,,,,,,,N,,,,,,,,,,,
,WALTER,W,NORMAN,,901105323,Y,20260801,001572-00,GEORGIA SOUTHERN UNIVERSITY,GA,4,Public,20260819,20261205,F,B,MULTIMEDIA JOURNALISM,090401,,,N,,,,,,,,,,,1
,ALEXANDER,B,ESSENDORF,,901025348,N,20260801,,,,,,,,,,,,,,N,,,,,,,,,,,
,ALLEY,G,JONES,,901117295,N,20260801,,,,,,,,,,,,,,N,,,,,,,,,,,
,OKEOGHENE,A,NWACHUKWU,,901122268,N,20260801,,,,,,,,,,,,,,N,,,,,,,,,,,
,JACKSON,D,LODDE,,901055089,Y,20260801,001596-00,UNIVERSITY OF TOCCOA FALLS,GA,4,Private,20260824,20261211,F,,GENERAL STUDIES (BACH),240101,,,N,,,,,,,,,,,1
,JAMES,M,PADEN,,901089736,Y,20260801,001598-00,UNIVERSITY OF GEORGIA,GA,4,Public,20260804,20261231,F,B,POLITICAL SCIENCE,451001,,,N,,,,,,,,,,,1
,CALI,A,FLORES,,901087638,Y,20260801,001598-00,UNIVERSITY OF GEORGIA,GA,4,Public,20260804,20261231,F,B,INTENDED NURSING,513801,BIOLOGY,260101,N,,,,,,,,,,,1
,ALEXANDER,J,BOWKER,,901059800,N,20260801,,,,,,,,,,,,,,N,,,,,,,,,,,
,ALEXANDER,C,CAYIA,,901055331,Y,20260801,001588-00,PIEDMONT UNIVERSITY,GA,4,Private,20260812,20261208,F,S,CHEMISTRY,400501,,,N,,,,,,,,,,,1
,NATHAN,J,FEDKE,,901091525,N,20260801,,,,,,,,,,,,,,N,,,,,,,,,,,
,KIMARIE,L,VANNORMAN,,901085101,N,20260801,,,,,,,,,,,,,,N,,,,,,,,,,,
,ALLISON,N,SKIRVIN,,901056559,N,20260801,,,,,,,,,,,,,,N,,,,,,,,,,,
,LAUREN,A,DOWDY,,901085128,Y,20260801,001598-00,UNIVERSITY OF GEORGIA,GA,4,Public,20260804,20261231,F,B,INTENDED MANAGEMENT,520201,,,N,,,,,,,,,,,1
,CAROLINE,E,GREEN,,901062243,N,20260801,,,,,,,,,,,,,,N,,,,,,,,,,,
,MALIYA,N,PATEL,,901053948,Y,20260801,001598-00,UNIVERSITY OF GEORGIA,GA,4,Public,20260804,20261231,F,B,INTENDED HEALTH PROMOTION,512207,,,N,,,,,,,,,,,1
,RACHEL,A,HUMBLE,,900964835,N,20260801,,,,,,,,,,,,,,N,,,,,,,,,,,
,WILLIAM,R,CARR-SCHAFFRAN,,901056603,Y,20260801,002423-00,MISSISSIPPI STATE UNIVERSITY,MS,4,Public,20260819,20261210,F,B,MECHANICAL ENGINEERING,141901,,,N,,,,,,,,,,,1
,HALEY,,ESTRADA,,901055273,N,20260801,,,,,,,,,,,,,,N,,,,,,,,,,,
,KATHERINE,J,CONDRA,,901089334,Y,20260801,002423-00,MISSISSIPPI STATE UNIVERSITY,MS,4,Public,20260819,20261210,F,B,KINESIOLOGY,310505,,,N,,,,,,,,,,,1
,MCKAYLA,A,BOLING,,901083795,N,20260801,,,,,,,,,,,,,,N,,,,,,,,,,,
,CARSON,M,MITCHELL,,901100157,N,20260801,,,,,,,,,,,,,,N,,,,,,,,,,,
,CHRISTIAN,L,PAGE,,901094991,N,20260801,,,,,,,,,,,,,,N,,,,,,,,,,,
,LILLIAN,C,ALEMAR,,901094497,N,20260801,,,,,,,,,,,,,,N,,,,,,,,,,,
,RILEY,Q,BOYD,,901092274,N,20260801,,,,,,,,,,,,,,N,,,,,,,,,,,
,PAUL,,MARSTERS,,901121766,N,20260801,,,,,,,,,,,,,,N,,,,,,,,,,,
,HARPER,E,DAVENPORT,,901054658,N,20260801,,,,,,,,,,,,,,N,,,,,,,,,,,
,MASON,,HUDGINS,,901121875,N,20260801,,,,,,,,,,,,,,N,,,,,,,,,,,
,KAYLEEN,,VALADEZ,,901080793,N,20260801,,,,,,,,,,,,,,N,,,,,,,,,,,
,ALVIN,O,MOHRIEN,,900494845,N,20260801,,,,,,,,,,,,,,N,,,,,,,,,,,
,ANA,P,MARIN,,901084664,N,20260801,,,,,,,,,,,,,,N,,,,,,,,,,,
,JONATHAN,,MAZARIEGOS,,901110788,N,20260801,,,,,,,,,,,,,,N,,,,,,,,,,,
,NIKEISHA,M,WILLIAMS,,900295706,N,20260801,,,,,,,,,,,,,,N,,,,,,,,,,,
,KAYLEIGH,D,HILLEY,,901128208,N,20260801,,,,,,,,,,,,,,N,,,,,,,,,,,
,ADDISON,,SHEPHERD,,901128316,N,20260801,,,,,,,,,,,,,,N,,,,,,,,,,,
,ARISA,M,HUNTER,,901128570,N,20260801,,,,,,,,,,,,,,N,,,,,,,,,,,
,RYLAN,E,GUILBEAU,,901044698,Y,20260801,001598-00,UNIVERSITY OF GEORGIA,GA,4,Public,20260804,20261231,F,B,BIOLOGY,260101,,,N,,,,,,,,,,,1
,KAITLIN,E,LAI,,901057166,Y,20260801,001598-00,UNIVERSITY OF GEORGIA,GA,4,Public,20260804,20261231,F,B,GENETICS,260801,,,N,,,,,,,,,,,1
,LEXIE,J,HOLMAN-PALMER,,901124585,N,20260801,,,,,,,,,,,,,,N,,,,,,,,,,,
,DISHA,P,BHATIA,,901090690,Y,20260801,001574-00,GEORGIA STATE UNIVERSITY,GA,4,Public,20260824,20261215,F,F,PRE FINANCE,520801,,,N,,,,,,,,,,,1
,SHAREA,N,MOORE,,901011228,N,20260801,,,,,,,,,,,,,,N,,,,,,,,,,,
,THOMAS,L,CHAFIN,,901090696,Y,20260801,001598-00,UNIVERSITY OF GEORGIA,GA,4,Public,20260512,20260803,F,B,ANIMAL AND DAIRY SCIENCE,010901,,,N,,,,,,,,,,,1
,THOMAS,L,CHAFIN,,901090696,Y,20260801,001598-00,UNIVERSITY OF GEORGIA,GA,4,Public,20260804,20261231,F,B,INTENDED FINANCE,520801,,,N,,,,,,,,,,,1
,ANN,,DANIEL,,901092312,Y,20260801,001598-00,UNIVERSITY OF GEORGIA,GA,4,Public,20260512,20260803,F,B,ANIMAL BIOSCIENCES,260701,,,N,,,,,,,,,,,1
,ANN,,DANIEL,,901092312,Y,20260801,001598-00,UNIVERSITY OF GEORGIA,GA,4,Public,20260804,20261231,Q,B,ANIMAL BIOSCIENCES,260701,,,N,,,,,,,,,,,1
,JAXON,S,GRAHAM,,901098872,N,20260801,,,,,,,,,,,,,,N,,,,,,,,,,,
,ANDREW,,HAYDE,,901123940,N,20260801,,,,,,,,,,,,,,N,,,,,,,,,,,
,JESSE,J,SILVA,,901100357,N,20260801,,,,,,,,,,,,,,N,,,,,,,,,,,
,STEPHEN,C,EXLEY,,901123854,Y,20260801,001585-00,UNIVERSITY OF NORTH GEORGIA,GA,4,Public,20260810,20261204,F,B,FINANCE,520801,,,N,,,,,,,,,,,1
,FINN,G,THORESEN,,901058869,Y,20260801,001577-00,KENNESAW STATE UNIVERSITY,GA,4,Public,20260824,20261214,F,B,FOCUS AREA BUSINESS MGMT,240102,,,N,,,,,,,,,,,1
,MATTHEW,,SHAPIRO,,901115142,N,20260801,,,,,,,,,,,,,,N,,,,,,,,,,,
,JOSHUA,L,PHILLIPS,,901121576,N,20260801,,,,,,,,,,,,,,N,,,,,,,,,,,
,RYAN,E,MARSH,,901065355,Y,20260801,002981-00,WESTERN CAROLINA UNIVERSITY,NC,4,Public,20260817,20261211,F,B,ENGLISH,230101,,,N,,,,,,,,,,,1
,REBECCA,N,WELLS,,901101589,Y,20260801,003529-00,UNIVERSITY OF TENNESSEE CHATTANOOGA,TN,4,Public,20260824,20261208,F,S,BA ENGLISH LITERARY STUDIES,230101,,,N,,,,,,,,,,,1
,LILLIAN,G,ROZELL,,901084934,N,20260801,,,,,,,,,,,,,,N,,,,,,,,,,,
,VERONICA,R,KREUTZER,,901091964,Y,20260801,001577-00,KENNESAW STATE UNIVERSITY,GA,4,Public,20260824,20261214,F,B,MARKETING INTEREST,521401,,,N,,,,,,,,,,,1
,ANGEL,D,ANGELES,,901089886,Y,20260801,001585-00,UNIVERSITY OF NORTH GEORGIA,GA,4,Public,20260810,20261204,F,A,ENGINEERING PATHWAY,240101,,,N,,,,,,,,,,,1
,CHRISTOPHER,D,TAPIA,,901101341,N,20260801,,,,,,,,,,,,,,N,,,,,,,,,,,
,KENNEDY,E,GOODWIN,,901116655,N,20260801,,,,,,,,,,,,,,N,,,,,,,,,,,
,REBECCA,D,SATTES,,900514560,N,20260801,,,,,,,,,,,,,,N,,,,,,,,,,,
,MICHAEL,,CAMPOS,,901116569,N,20260801,,,,,,,,,,,,,,N,,,,,,,,,,,
,EMILY,J,MONTANERO,,901049227,Y,20260801,001598-00,UNIVERSITY OF GEORGIA,GA,4,Public,20260512,20260803,H,B,INTENDED MARKETING,521401,,,N,,,,,,,,,,,1
,EMILY,J,MONTANERO,,901049227,Y,20260801,001598-00,UNIVERSITY OF GEORGIA,GA,4,Public,20260804,20261231,F,B,MARKETING,521401,,,N,,,,,,,,,,,1
,KASSIA,A,ROMANCHIK,,901055130,Y,20260801,001598-00,UNIVERSITY OF GEORGIA,GA,4,Public,20260804,20261231,F,B,INTERNATIONAL AFFAIRS,450901,,,N,,,,,,,,,,,1
,MAGGIE,R,PERRY,,900994352,Y,20260801,001598-00,UNIVERSITY OF GEORGIA,GA,4,Public,20260804,20261231,F,B,INTENDED HEALTH PROMOTION,512207,,,N,,,,,,,,,,,1
,DAKSHAYANI LAKSHMI,L,PANCHAGNULA,,901050834,Y,20260801,001577-00,KENNESAW STATE UNIVERSITY,GA,4,Public,20260824,20261214,F,B,CHEMISTRY,400501,,,N,,,,,,,,,,,1
,SHANIEQUA,,JACKSON,,901042857,N,20260801,,,,,,,,,,,,,,N,,,,,,,,,,,
,ASHLEIGH,M,DYER,,900754504,N,20260801,,,,,,,,,,,,,,N,,,,,,,,,,,
,ASHER,N,ISAACSON,,901073266,N,20260801,,,,,,,,,,,,,,N,,,,,,,,,,,
,GRACE,E,CLIFTON,,900724933,N,20260801,,,,,,,,,,,,,,N,,,,,,,,,,,
,XAVIER,J,LETT,,900732782,N,20260801,,,,,,,,,,,,,,N,,,,,,,,,,,
,ADDIE,L,THOMPSON,,901083659,N,20260801,,,,,,,,,,,,,,N,,,,,,,,,,,
,HUNTER,C,MARTYN,,900824548,N,20260801,,,,,,,,,,,,,,N,,,,,,,,,,,
,ERIC,,OWEN,,901036457,N,20260801,,,,,,,,,,,,,,N,,,,,,,,,,,
,CAMERON,J,CONKLE,,901110604,N,20260801,,,,,,,,,,,,,,N,,,,,,,,,,,
,ALLISON,C,TINSLEY,,901054141,Y,20260801,001598-00,UNIVERSITY OF GEORGIA,GA,4,Public,20260804,20261231,F,B,INTENDED JOURNALISM,090401,,,N,,,,,,,,,,,1
,JACOBO,G,VERA,,901110941,N,20260801,,,,,,,,,,,,,,N,,,,,,,,,,,
,TEMITOPE,,AYODELE,,901128413,N,20260801,,,,,,,,,,,,,,N,,,,,,,,,,,
,CHASE,,DILIONE,,901128755,N,20260801,,,,,,,,,,,,,,N,,,,,,,,,,,
,CUONG,N,TRAN,,901109614,Y,20260801,001585-00,UNIVERSITY OF NORTH GEORGIA,GA,4,Public,20260810,20261204,Q,B,CYBERSECURITY,111003,,,N,,,,,,,,,,,1
,MATTHEW,F,MCCUTCHEON,,900200674,N,20260801,,,,,,,,,,,,,,N,,,,,,,,,,,
,BRYCE,O,BARRICK,,901106226,N,20260801,,,,,,,,,,,,,,N,,,,,,,,,,,
,AARON,,CASTRO,,901130513,Y,20260801,001585-00,UNIVERSITY OF NORTH GEORGIA,GA,4,Public,20260810,20261204,F,A,INTERDISCIPLINARY STUDIES PATH,240101,,,N,,,,,,,,,,,1
,MARIA,P,GOMEZ-GARCIA,,901109822,N,20260801,,,,,,,,,,,,,,N,,,,,,,,,,,
,SRI HARSHITHA,,MUTYALA,,901092466,Y,20260801,001598-00,UNIVERSITY OF GEORGIA,GA,4,Public,20260804,20261231,F,B,BIOLOGY,260101,,,N,,,,,,,,,,,1
,SARAYU,,BITRA,,901088826,Y,20260801,001052-00,UNIVERSITY OF ALABAMA BIRMINGHAM-TRADITIONAL,AL,4,Public,20260824,20261211,F,F,MATHEMATICS,270101,,,N,,,,,,,,,,,1
,MADISON,W,MCDANIEL,,901088849,Y,20260801,001051-00,UNIVERSITY OF ALABAMA,AL,4,Public,20260819,20261211,F,B,LOWER DIVISION MARKETING,521401,,,N,,,,,,,,,,,1
,DEVARSH,,BANDLA,,901087526,N,20260801,,,,,,,,,,,,,,N,,,,,,,,,,,
,AMANDA,S,DANIEL,,900034517,N,20260801,,,,,,,,,,,,,,N,,,,,,,,,,,
,CHANDLER,S,DENNARD,,901074043,N,20260801,,,,,,,,,,,,,,N,,,,,,,,,,,
,HAYDEN,S,GRAHAM,,901055004,Y,20260801,001598-00,UNIVERSITY OF GEORGIA,GA,4,Public,20260804,20261231,F,B,INTENDED ACCOUNTING,520301,,,N,,,,,,,,,,,1
,BRINLEY,L,MOONEY,,901055034,N,20260801,,,,,,,,,,,,,,N,,,,,,,,,,,
,SAMANTHA,S,VARGAS NIETO,,901117472,N,20260801,,,,,,,,,,,,,,N,,,,,,,,,,,
,NOAH,K,GONZALEZ,,901117903,N,20260801,,,,,,,,,,,,,,N,,,,,,,,,,,
,EMERSON,M,DEKREEK,,901118075,N,20260801,,,,,,,,,,,,,,N,,,,,,,,,,,
,COLTON,,ROBINSON-DAVIS,,901118205,N,20260801,,,,,,,,,,,,,,N,,,,,,,,,,,
,BRAYDEN,W,BUSBY,,901054567,Y,20260801,001598-00,UNIVERSITY OF GEORGIA,GA,4,Public,20260804,20261231,F,B,UNSPECIFIED,240102,,,N,,,,,,,,,,,1
,CLARA,E,DAWSON,,901065617,N,20260801,,,,,,,,,,,,,,N,,,,,,,,,,,
,NOAH,R,LYNALL,,901088653,Y,20260801,001598-00,UNIVERSITY OF GEORGIA,GA,4,Public,20260804,20261231,F,B,INTENDED ELEMENTARY EDUCATION,131202,,,N,,,,,,,,,,,1
,STELLA,A,LIOI,,901114428,N,20260801,,,,,,,,,,,,,,N,,,,,,,,,,,
,MADILYN,,SPENNER,,901115005,N,20260801,,,,,,,,,,,,,,N,,,,,,,,,,,
,KENADY,G,WALLACE,,901111664,Y,20260801,001577-00,KENNESAW STATE UNIVERSITY,GA,4,Public,20260824,20261214,F,B,CIVIL ENGINEERING,140801,,,N,,,,,,,,,,,1
,CADEN,M,SCHIEMAN,,901111725,Y,20260801,001598-00,UNIVERSITY OF GEORGIA,GA,4,Public,20260804,20261231,F,B,INTENDED COMP SYS ENGINEERING,140901,,,N,,,,,,,,,,,1
,MCKENZIE,R,KING,,901121914,N,20260801,,,,,,,,,,,,,,N,,,,,,,,,,,
,ISSAC,,RIVERA,,901110914,N,20260801,,,,,,,,,,,,,,N,,,,,,,,,,,
,MELANIE,A,URDANETA,,901119552,Y,20260801,001585-00,UNIVERSITY OF NORTH GEORGIA,GA,4,Public,20260810,20261204,F,B,INTERDISCIPLINARY STUDIES,240102,,,N,,,,,,,,,,,1
,JASMINE,A,THOMPSON,,901058767,Y,20260801,001563-00,EMMANUEL UNIVERSITY,GA,4,Private,20260812,20261119,F,F,BS-ELEMENTARY EDUCATION,131202,,,N,,,,,,,,,,,1
,DEAN,T,CHOW,,901078279,Y,20260801,001577-00,KENNESAW STATE UNIVERSITY,GA,4,Public,20260824,20261214,F,B,MECHANICAL ENGINEERING,141901,,,N,,,,,,,,,,,1
,VALERIA,,PATRICIO-LUNA,,901128579,N,20260801,,,,,,,,,,,,,,N,,,,,,,,,,,
,ANDREW,M,PIPPIN,,901128613,N,20260801,,,,,,,,,,,,,,N,,,,,,,,,,,
,ANIBAL,E,OLIVA,,901110569,Y,20260801,003956-00,DALTON STATE COLLEGE,GA,4,Public,20260810,20261208,F,B,BS CRIMINAL JUSTICE,430103,,,N,,,,,,,,,,,1
,RICHMOND,E,BOGGS,,901131156,Y,20260801,001585-00,UNIVERSITY OF NORTH GEORGIA,GA,4,Public,20260810,20261204,L,,LAND SURVEYING CERTIFICATE,151102,,,N,,,,,,,,,,,1
,ARIEL,E,BROOKS,,901059883,Y,20260801,001577-00,KENNESAW STATE UNIVERSITY,GA,4,Public,20260824,20261214,F,B,INTEGRATED HEALTH SCIENCE,510000,,,N,,,,,,,,,,,1
,REBEKAH,,VELAZQUEZ,,901046509,N,20260801,,,,,,,,,,,,,,N,,,,,,,,,,,
,ZACHARY,,MICHAUD,,901017259,N,20260801,,,,,,,,,,,,,,N,,,,,,,,,,,
,KAILIE,D,MATZICK,,900520582,N,20260801,,,,,,,,,,,,,,N,,,,,,,,,,,
,MARIA,V,MENDOZA FRANCO,,900317033,N,20260801,,,,,,,,,,,,,,N,,,,,,,,,,,
,LONDON,M,MCDANIEL,,901052295,Y,20260801,001588-00,PIEDMONT UNIVERSITY,GA,4,Private,20260812,20261208,F,F,BUSINESS ADMINISTRATION,520299,,,N,,,,,,,,,,,1
,AIDEN,R,MANNING,,901105957,N,20260801,,,,,,,,,,,,,,N,,,,,,,,,,,
,ALLISON,D,ALVAREZ,,901069605,Y,20260801,001598-00,UNIVERSITY OF GEORGIA,GA,4,Public,20260804,20261231,F,B,INTENDED HEALTH PROMOTION,512207,,,N,,,,,,,,,,,1
,SALVADOR,,RUIZ-AGUILLON,,901073006,Y,20260801,001588-00,PIEDMONT UNIVERSITY,GA,4,Private,20260812,20261208,F,F,ACCOUNTING,520301,,,N,,,,,,,,,,,1
,MELISSA,A,HOLT,,901023502,N,20260801,,,,,,,,,,,,,,N,,,,,,,,,,,
,PALMER,A,GODWIN,,901124978,N,20260801,,,,,,,,,,,,,,N,,,,,,,,,,,
,NYLAH,K,BARR,,901125065,N,20260801,,,,,,,,,,,,,,N,,,,,,,,,,,
,JEFFREY,M,WARREN,,901100245,N,20260801,,,,,,,,,,,,,,N,,,,,,,,,,,
,TRI,M,VU,,901125273,N,20260801,,,,,,,,,,,,,,N,,,,,,,,,,,
,KEATON,R,STRICKLIN,,901054903,Y,20260801,001598-00,UNIVERSITY OF GEORGIA,GA,4,Public,20260804,20261231,F,B,INTENDED HEALTH PROMOTION,512207,,,N,,,,,,,,,,,1
,ALANA,E,DAVIS,,901051030,Y,20260801,001598-00,UNIVERSITY OF GEORGIA,GA,4,Public,20260512,20260803,F,B,HEALTH PROMOTION,512207,,,N,,,,,,,,,,,1
,ALANA,E,DAVIS,,901051030,Y,20260801,001598-00,UNIVERSITY OF GEORGIA,GA,4,Public,20260804,20261231,F,B,HEALTH PROMOTION,512207,,,N,,,,,,,,,,,1
,SADIE,J,WISEMAN,,901089967,Y,20260801,001598-00,UNIVERSITY OF GEORGIA,GA,4,Public,20260804,20261231,F,B,INTENDED FINANCE,520801,,,N,,,,,,,,,,,1
,JOAQUIN,,REED,,901123925,N,20260801,,,,,,,,,,,,,,N,,,,,,,,,,,
,SARAH,L,POLANCO,,901105998,Y,20260801,001588-00,PIEDMONT UNIVERSITY,GA,4,Private,20260812,20261208,F,F,FORENSIC SCIENCE,430406,,,N,,,,,,,,,,,1
,GABRIELLE,M,SHELTON,,901123809,Y,20260801,003954-00,UNIVERSITY OF CENTRAL FLORIDA,FL,4,Public,20260824,20261210,H,S,NURSING PENDING,513801,,,N,,,,,,,,,,,1
,ALESSANDRA,L,PEREZ-GARCIA,,901123617,N,20260801,,,,,,,,,,,,,,N,,,,,,,,,,,
,JENNIFER,L,MOON,,901123586,N,20260801,,,,,,,,,,,,,,N,,,,,,,,,,,
,EMILIA,E,BRANICZ,,901114648,N,20260801,,,,,,,,,,,,,,N,,,,,,,,,,,
,DAKOTA,R,DOOLEY,,901114514,N,20260801,,,,,,,,,,,,,,N,,,,,,,,,,,
,JULIANA,K,GUANO,,901116641,N,20260801,,,,,,,,,,,,,,N,,,,,,,,,,,
,KAYDEN,B,STAMPS,,901125156,Y,20260801,001596-00,UNIVERSITY OF TOCCOA FALLS,GA,4,Private,20260824,20261211,F,,NOT APPLICABLE,,,,N,,,,,,,,,,,1
,JOSHUA,H,MEELER,,901054646,N,20260801,,,,,,,,,,,,,,N,,,,,,,,,,,
,LOIS,M,GUEVARA PONCE,,901128754,N,20260801,,,,,,,,,,,,,,N,,,,,,,,,,,
,DAXTON,D,NICHOLSON,,901128875,N,20260801,,,,,,,,,,,,,,N,,,,,,,,,,,
,JAMIAH,N,ROBINSON,,901110445,N,20260801,,,,,,,,,,,,,,N,,,,,,,,,,,
,ANGELINE,,LOPEZ,,901110340,N,20260801,,,,,,,,,,,,,,N,,,,,,,,,,,
,TYLER,,SMITH,,901130600,N,20260801,,,,,,,,,,,,,,N,,,,,,,,,,,
,CHARO,,KIRK,,901131020,N,20260801,,,,,,,,,,,,,,N,,,,,,,,,,,
,BAILEY,N,VAUGHAN,,901121721,N,20260801,,,,,,,,,,,,,,N,,,,,,,,,,,
,OWEN,J,HOOTEN,,901109568,N,20260801,,,,,,,,,,,,,,N,,,,,,,,,,,
,JACEY,K,SMITH,,901109819,N,20260801,,,,,,,,,,,,,,N,,,,,,,,,,,
,HANNA,L,FERRIER,,901091390,N,20260801,,,,,,,,,,,,,,N,,,,,,,,,,,
,LORI,E,MARTIN,,901089533,Y,20260801,001577-00,KENNESAW STATE UNIVERSITY,GA,4,Public,20260824,20261214,F,B,CYBERSECURITY,430404,,,N,,,,,,,,,,,1
,ELIZABETH,,HARRIS,,901117334,N,20260801,,,,,,,,,,,,,,N,,,,,,,,,,,
,CLAIRE,M,GEAIRN,,901117523,N,20260801,,,,,,,,,,,,,,N,,,,,,,,,,,
,ARJUNN,R,PATEL,,901055198,Y,20260801,001569-00,GEORGIA INSTITUTE OF TECHNOLOGY,GA,4,Public,20260518,20260806,H,B,BUSINESS ADMINISTRATION,520201,,,N,,,,,,,,,,,1
,BRENDAN,L,CLARK,,901017335,Y,20260801,001577-00,KENNESAW STATE UNIVERSITY,GA,4,Public,20260824,20261214,Q,B,CONSTRUCTION MANAGEMENT,143301,,,N,,,,,,,,,,,1
,VLADIMIR,H,PLOTT,,901116934,Y,20260801,003956-00,DALTON STATE COLLEGE,GA,4,Public,20260810,20261208,F,A,BS HEALTH AND WELLNESS,510001,,,N,,,,,,,,,,,1
,KAYLEIGH,M,MCKINNIS,,900941667,N,20260801,,,,,,,,,,,,,,N,,,,,,,,,,,
,CODY,W,SPARKS,,900239106,N,20260801,,,,,,,,,,,,,,N,,,,,,,,,,,
,MYKENLOVE,,JEAN CHARLES,,901084350,N,20260801,,,,,,,,,,,,,,N,,,,,,,,,,,
,KALEY,I,GERAGHTY,,901056602,Y,20260801,001598-00,UNIVERSITY OF GEORGIA,GA,4,Public,20260804,20261231,F,B,BIOLOGY,260101,,,N,,,,,,,,,,,1
,JUDSON,T,MARTIN,,901053179,Y,20260801,001598-00,UNIVERSITY OF GEORGIA,GA,4,Public,20260804,20261231,F,B,INTENDED REAL ESTATE,521501,,,N,,,,,,,,,,,1
,WALKER,B,MYHAND,,901087805,Y,20260801,001598-00,UNIVERSITY OF GEORGIA,GA,4,Public,20260804,20261231,F,B,INTENDED MARKETING,521401,,,N,,,,,,,,,,,1
,NICHOLAS,J,SORO,,901084455,Y,20260801,001598-00,UNIVERSITY OF GEORGIA,GA,4,Public,20260804,20261231,F,B,DATA SCIENCE,303001,,,N,,,,,,,,,,,1
,REAGAN,B,SMITH,,901056755,Y,20260801,001577-00,KENNESAW STATE UNIVERSITY,GA,4,Public,20260824,20261214,F,B,FOCUS AREA BUSINESS MGMT,240102,,,N,,,,,,,,,,,1
,OSCAR,,PANIAGUA,,901056774,Y,20260801,001598-00,UNIVERSITY OF GEORGIA,GA,4,Public,20260804,20261231,F,B,INTENDED MGMT INFO SYSTEMS,521201,,,N,,,,,,,,,,,1
,MATHIAS,,RODRIGUEZ,,901117261,N,20260801,,,,,,,,,,,,,,N,,,,,,,,,,,
,ESTRELLA,J,SANCHEZ,,901109663,Y,20260801,001588-00,PIEDMONT UNIVERSITY,GA,4,Private,20260812,20261208,F,F,NURSING,513801,,,N,,,,,,,,,,,1
,JORDAN,S,BARROCAS,,900985070,Y,20260801,001535-00,UNIVERSITY OF FLORIDA,FL,4,Public,20260511,20260807,Q,N,NON-DEGREE,240199,,,N,,,,,,,,,,,1
,JORDAN,S,BARROCAS,,900985070,Y,20260801,001535-00,UNIVERSITY OF FLORIDA,FL,4,Public,20260820,20261202,F,N,NON-DEGREE,240199,,,N,,,,,,,,,,,1
,ELENA,,THAMES,,901064768,Y,20260801,002423-00,MISSISSIPPI STATE UNIVERSITY,MS,4,Public,20260819,20261210,F,B,WILDLIFE FISHERIES AQUA,030601,,,N,,,,,,,,,,,1
,AUDREY,K,JONES,,901058824,Y,20260801,001572-00,GEORGIA SOUTHERN UNIVERSITY,GA,4,Public,20260819,20261205,F,B,EXERCISE SCIENCE,310505,,,N,,,,,,,,,,,1
,ALEXIS,L,MOSLEY,,900316030,N,20260801,,,,,,,,,,,,,,N,,,,,,,,,,,
,JESSICA,S,MARA,,901054407,N,20260801,,,,,,,,,,,,,,N,,,,,,,,,,,
,WILLIAM,P,MORTON,,901054324,Y,20260801,001577-00,KENNESAW STATE UNIVERSITY,GA,4,Public,20260824,20261214,F,B,CHEMISTRY,400501,,,N,,,,,,,,,,,1
,HAILEY,K,ALLEN,,900938023,N,20260801,,,,,,,,,,,,,,N,,,,,,,,,,,
,ASHLEY,N,CARMICAL,,900914300,N,20260801,,,,,,,,,,,,,,N,,,,,,,,,,,
,SUSHANT,K,LAGURI,,901089729,Y,20260801,001577-00,KENNESAW STATE UNIVERSITY,GA,4,Public,20260824,20261214,F,B,INDUSTRIAL SYSTEMS ENG,142701,,,N,,,,,,,,,,,1
,NASHWAN,M,HOQUE,,901090240,Y,20260801,001574-00,GEORGIA STATE UNIVERSITY,GA,4,Public,20260824,20261215,F,R,PRE MARKETING,521401,,,N,,,,,,,,,,,1
,JOSIAH,W,GEIST,,901087628,Y,20260801,001572-00,GEORGIA SOUTHERN UNIVERSITY,GA,4,Public,20260819,20261205,F,B,CONSTRUCTION MANAGEMENT,151001,,,N,,,,,,,,,,,1
,DAVID,O,POWELL,,901067465,N,20260801,,,,,,,,,,,,,,N,,,,,,,,,,,
,MYZELL,T,WILLIAMS,,901093940,N,20260801,,,,,,,,,,,,,,N,,,,,,,,,,,
,OLIVIA,,ENNS,,901055688,N,20260801,,,,,,,,,,,,,,N,,,,,,,,,,,
,ANDREW,J,SCHULTZ,,901116678,Y,20260801,001598-00,UNIVERSITY OF GEORGIA,GA,4,Public,20260804,20261231,F,B,INTENDED REAL ESTATE,521501,,,N,,,,,,,,,,,1
,SHREYAS,,YELDANDI,,901059830,N,20260801,,,,,,,,,,,,,,N,,,,,,,,,,,
,CYTLALY,G,GARCIA HERRERA,,901041955,N,20260801,,,,,,,,,,,,,,N,,,,,,,,,,,
,ADELAIDE,J,MARSHALL,,901100147,Y,20260801,001572-00,GEORGIA SOUTHERN UNIVERSITY,GA,4,Public,20260819,20261205,F,A,CRIMINAL JUSTICE CRIMINOLOGY,450401,,,N,,,,,,,,,,,1
,DECLAN,M,MCKUNE,,901064436,N,20260801,,,,,,,,,,,,,,N,,,,,,,,,,,
,CARLIE,M,GABRIEL,,901055538,N,20260801,,,,,,,,,,,,,,N,,,,,,,,,,,
,QUY LAN,A,JOHNSON,,901064431,N,20260801,,,,,,,,,,,,,,N,,,,,,,,,,,
,JACK,P,POWELL,,900961004,N,20260801,,,,,,,,,,,,,,N,,,,,,,,,,,
,LINDSEY,G,TORRES,,901053762,Y,20260801,001569-00,GEORGIA INSTITUTE OF TECHNOLOGY,GA,4,Public,20260518,20260806,H,B,ARCHITECTURE,040200,,,N,,,,,,,,,,,1
,ILUSHA,M,IDAMA,,901087813,Y,20260801,001574-00,GEORGIA STATE UNIVERSITY,GA,4,Public,20260824,20261215,F,F,PRE FINANCE,520801,,,N,,,,,,,,,,,1
,ROBERT,C,CREWSONBERRY,,901084467,N,20260801,,,,,,,,,,,,,,N,,,,,,,,,,,
,NATASHA,E,DOSTER,,901011141,N,20260801,,,,,,,,,,,,,,N,,,,,,,,,,,
,NATALIE,E,BUSH,,901094930,N,20260801,,,,,,,,,,,,,,N,,,,,,,,,,,
,ADHARVAN,,INAGANTI,,901063366,Y,20260801,001574-00,GEORGIA STATE UNIVERSITY,GA,4,Public,20260824,20261215,F,S,BIOLOGICAL SCIENCE,260101,,,N,,,,,,,,,,,1
,HANNAH,M,BROWN,,901063373,N,20260801,,,,,,,,,,,,,,N,,,,,,,,,,,
,SALINA,M,MARTINEZ,,901057221,N,20260801,,,,,,,,,,,,,,N,,,,,,,,,,,
,ANNABELLE,R,ETIENNE,,901053395,Y,20260801,001574-00,GEORGIA STATE UNIVERSITY,GA,4,Public,20260824,20261215,F,F,EXPLORATORY,240102,,,N,,,,,,,,,,,1
,BROOKLYN,K,KNIGHT,,901052801,N,20260801,,,,,,,,,,,,,,N,,,,,,,,,,,
,ADDISON,E,GOLDMAN,,901056733,N,20260801,,,,,,,,,,,,,,N,,,,,,,,,,,
,EMMA,C,OLIVERA,,901056719,Y,20260801,003448-00,UNIVERSITY OF SOUTH CAROLINA,SC,4,Public,20260816,20261214,F,F,PSYCHOLOGY,422704,,,N,,,,,,,,,,,1
,DAVID,A,AGUANA,,901116864,N,20260801,,,,,,,,,,,,,,N,,,,,,,,,,,
,AVA,J,POFF,,901058279,Y,20260801,001598-00,UNIVERSITY OF GEORGIA,GA,4,Public,20260804,20261231,F,B,AGRIBUSINESS,010102,,,N,,,,,,,,,,,1
,RYLEIGH,A,O'BRIEN,,901084449,N,20260801,,,,,,,,,,,,,,N,,,,,,,,,,,
,DULCE,G,RODRIGUEZ,,901093303,N,20260801,,,,,,,,,,,,,,N,,,,,,,,,,,
,DANIEL,M,GOSSETT,,900493155,N,20260801,,,,,,,,,,,,,,N,,,,,,,,,,,
,MABELL,A,MERCURE,,901091588,Y,20260801,001574-00,GEORGIA STATE UNIVERSITY,GA,4,Public,20260824,20261215,F,S,POLITICAL SCIENCE,451001,,,N,,,,,,,,,,,1
,LARA,A,ANGAY,,901092688,Y,20260801,001598-00,UNIVERSITY OF GEORGIA,GA,4,Public,20260804,20261231,F,B,BIOLOGY,260101,,,N,,,,,,,,,,,1
,GABRIELLA,C,PINKERTON,,901104546,Y,20260801,001574-00,GEORGIA STATE UNIVERSITY,GA,4,Public,20260824,20261215,F,F,CRIMINAL JUSTICE,430104,,,N,,,,,,,,,,,1
,KELSIN,J,GARCIA,,901020679,N,20260801,,,,,,,,,,,,,,N,,,,,,,,,,,
,ALICE,M,LANNES,,901089261,N,20260801,,,,,,,,,,,,,,N,,,,,,,,,,,
,PIPER,M,RICKS,,901057234,N,20260801,,,,,,,,,,,,,,N,,,,,,,,,,,
,SAHEBA,F,MOMIN,,901063227,Y,20260801,001598-00,UNIVERSITY OF GEORGIA,GA,4,Public,20260804,20261231,F,B,INTENDED HEALTH PROMOTION,512207,,,N,,,,,,,,,,,1
,ABBEY,M,ARVIDSON,,900915387,N,20260801,,,,,,,,,,,,,,N,,,,,,,,,,,
,JONAH,D,INGRAHAM,,901044699,Y,20260801,001577-00,KENNESAW STATE UNIVERSITY,GA,4,Public,20260824,20261214,F,B,MECHANICAL ENGINEERING,141901,,,N,,,,,,,,,,,1
,JETZYANN,M,ROSARIO OCASIO,,901090395,Y,20260801,001598-00,UNIVERSITY OF GEORGIA,GA,4,Public,20260804,20261231,F,B,OCEAN SCIENCE,303201,,,N,,,,,,,,,,,1
,STRAUGHAN,M,BAKER,,901053913,Y,20260801,001598-00,UNIVERSITY OF GEORGIA,GA,4,Public,20260804,20261231,F,B,UNSPECIFIED,240102,,,N,,,,,,,,,,,1
,ARABELLA,C,DAVIDSON,,901117138,Y,20260801,001585-00,UNIVERSITY OF NORTH GEORGIA,GA,4,Public,20260810,20261204,Q,B,BIOLOGY,260101,,,N,,,,,,,,,,,1
,BROOKE,M,DEBARTOLO,,901114571,N,20260801,,,,,,,,,,,,,,N,,,,,,,,,,,
,MADELINE,A,CARLSON,,901054094,Y,20260801,001572-00,GEORGIA SOUTHERN UNIVERSITY,GA,4,Public,20260819,20261205,F,B,BIOMEDICAL SCIENCES,260102,,,N,,,,,,,,,,,1
,STACY,,RIOS-LABRADA,,901099835,Y,20260801,001577-00,KENNESAW STATE UNIVERSITY,GA,4,Public,20260824,20261214,F,B,NURSING,513801,,,N,,,,,,,,,,,1
,AKASH MANIMARAN,,MUTHUKUMARAN,,901089190,N,20260801,,,,,,,,,,,,,,N,,,,,,,,,,,
,LUIS,A,SANCHEZ GODINEZ,,901089161,Y,20260801,001588-00,PIEDMONT UNIVERSITY,GA,4,Private,20260812,20261208,F,S,BUSINESS ADMINISTRATION,520299,,,N,,,,,,,,,,,1
,YARETZI,I,CALDERON,,901120388,N,20260801,,,,,,,,,,,,,,N,,,,,,,,,,,
,HILLARY,A,FNU,,901104642,Y,20260801,001569-00,GEORGIA INSTITUTE OF TECHNOLOGY,GA,4,Public,20260518,20260806,H,B,MECHANICAL ENGINEERING,141901,,,N,,,,,,,,,,,1
,AARON,,PANCAKE,,901050910,Y,20260801,001598-00,UNIVERSITY OF GEORGIA,GA,4,Public,20260804,20261231,F,B,INTENDED ENTERTAIN MEDIA STU,090702,,,N,,,,,,,,,,,1
,TATEANA,K,JONES,,900974383,Y,20260801,002580-00,SOUTHERN NEW HAMPSHIRE- 09WEEK,NH,4,Private,20260504,20260823,H,S,COMMUNICATION,090901,,,N,,,,,,,,,,,1
,ABBIE,E,WEATHINGTON,,900933286,N,20260801,,,,,,,,,,,,,,N,,,,,,,,,,,
,MCKINLEY,B,DANIEL,,901085126,Y,20260801,001598-00,UNIVERSITY OF GEORGIA,GA,4,Public,20260804,20261231,F,B,AGRIBUSINESS,010102,,,N,,,,,,,,,,,1
,EYASU,K,GEBREMARIAM,,901111651,Y,20260801,001574-00,GEORGIA STATE UNIVERSITY,GA,4,Public,20260824,20261215,F,F,COMPUTER SCIENCE,110701,,,N,,,,,,,,,,,1
,ANA,S,DRERUP,,901056609,Y,20260801,001598-00,UNIVERSITY OF GEORGIA,GA,4,Public,20260804,20261231,F,B,INTENDED JOURNALISM,090401,,,N,,,,,,,,,,,1
,JAIME,,ROZNOS,,901130838,N,20260801,,,,,,,,,,,,,,N,,,,,,,,,,,
,LINDEN,,ROSS,,901052303,N,20260801,,,,,,,,,,,,,,N,,,,,,,,,,,
,HUDSON,C,STEPHENS,,901056900,N,20260801,,,,,,,,,,,,,,N,,,,,,,,,,,
,RAMIRO,,SOTO GOMEZ,,901128922,N,20260801,,,,,,,,,,,,,,N,,,,,,,,,,,
,DIANAH,N,STEWART,,901128757,N,20260801,,,,,,,,,,,,,,N,,,,,,,,,,,
,FABIANA,G,MARULANDA-SILVA,,901131054,N,20260801,,,,,,,,,,,,,,N,,,,,,,,,,,
,MARIE,M,KERBAGE,,900909958,N,20260801,,,,,,,,,,,,,,N,,,,,,,,,,,
,VALENTINA,,REYNOSO,,901043109,N,20260801,,,,,,,,,,,,,,N,,,,,,,,,,,
,ANAIBIS,,GONZALEZ MARIN,,901123321,N,20260801,,,,,,,,,,,,,,N,,,,,,,,,,,
,VICTORIA,R,PETZ,,900947971,N,20260801,,,,,,,,,,,,,,N,,,,,,,,,,,
,ARLISA,M,PERALTA,,901104934,N,20260801,,,,,,,,,,,,,,N,,,,,,,,,,,
,INES,A,YANCEN,,901104736,N,20260801,,,,,,,,,,,,,,N,,,,,,,,,,,
,SAMUEL,C,TRYZBIAK,,901102595,N,20260801,,,,,,,,,,,,,,N,,,,,,,,,,,
,SOPHIA,,ASTON,,901101796,N,20260801,,,,,,,,,,,,,,N,,,,,,,,,,,
,MAKENSIE,A,SUTER,,901101417,N,20260801,,,,,,,,,,,,,,N,,,,,,,,,,,
,MATTHEW,,FORREST,,901101421,N,20260801,,,,,,,,,,,,,,N,,,,,,,,,,,
,KAI,M,GARNER,,901100848,Y,20260801,001598-00,UNIVERSITY OF GEORGIA,GA,4,Public,20260804,20261231,F,B,INTENDED HEALTH PROMOTION,512207,,,N,,,,,,,,,,,1
,CHETACHI,,OHAGI,,901125148,N,20260801,,,,,,,,,,,,,,N,,,,,,,,,,,
,JOSE,I,ALVAREZ,,901125183,N,20260801,,,,,,,,,,,,,,N,,,,,,,,,,,
,LEVI,W,PETOSKEY,,901125912,N,20260801,,,,,,,,,,,,,,N,,,,,,,,,,,
,RYAN,M,CALLOWAY,,901126192,N,20260801,,,,,,,,,,,,,,N,,,,,,,,,,,
,CHRIST,B,MATHIEU,,901126237,N,20260801,,,,,,,,,,,,,,N,,,,,,,,,,,
,BETHANIE,G,NIX,,901013582,N,20260801,,,,,,,,,,,,,,N,,,,,,,,,,,
,DANNA,B,SANCHEZ,,901110003,N,20260801,,,,,,,,,,,,,,N,,,,,,,,,,,
,MOLLY,B,TAYLOR,,901056153,Y,20260801,001598-00,UNIVERSITY OF GEORGIA,GA,4,Public,20260804,20261231,F,B,BIOLOGY,260101,,,N,,,,,,,,,,,1
,HANNAH,G,STADLER,,900648197,N,20260801,,,,,,,,,,,,,,N,,,,,,,,,,,
,BRITTANY,M,WEST,,900919522,N,20260801,,,,,,,,,,,,,,N,,,,,,,,,,,
,PATRICIA,J,BELL,,900884136,N,20260801,,,,,,,,,,,,,,N,,,,,,,,,,,
,TANVI,R,PATEL,,901122782,Y,20260801,001574-00,GEORGIA STATE UNIVERSITY,GA,4,Public,20260824,20261215,F,F,INTERDISCIPLINARY STUDIES,309999,,,N,,,,,,,,,,,1
,MICAH,E,GIBSON,,901122889,N,20260801,,,,,,,,,,,,,,N,,,,,,,,,,,
,TINA,N,LARSON,,901102391,N,20260801,,,,,,,,,,,,,,N,,,,,,,,,,,
,LUCAS,D,ALBRECHT,,900961499,Y,20260801,001598-00,UNIVERSITY OF GEORGIA,GA,4,Public,20260512,20260803,F,B,RISK MANAGEMENT AND INSURANCE,521701,INTENDED FINANCE,520801,N,,,,,,,,,,,1
,LUCAS,D,ALBRECHT,,900961499,Y,20260801,001598-00,UNIVERSITY OF GEORGIA,GA,4,Public,20260804,20261231,F,B,RISK MANAGEMENT AND INSURANCE,521701,INTENDED FINANCE,520801,N,,,,,,,,,,,1
,BROOKE,A,CLEMENTS,,901103971,N,20260801,,,,,,,,,,,,,,N,,,,,,,,,,,
,KRISTIN,M,ZIMMERMAN,,901126563,N,20260801,,,,,,,,,,,,,,N,,,,,,,,,,,
,EDWARD,M,MUIRURI,,901126585,Y,20260801,001047-00,TROY UNIVERSITY,AL,4,Public,20260810,20261011,F,,INTER RELATIONS/GLOBAL STUDIES,450901,,,N,,,,,,,,,,,1
,MARIA,D,MARTINEZ,,901105072,N,20260801,,,,,,,,,,,,,,N,,,,,,,,,,,
,EDYBERTO,,GAONA,,901104359,N,20260801,,,,,,,,,,,,,,N,,,,,,,,,,,
,STEVEN,S,PORTER,,901027919,N,20260801,,,,,,,,,,,,,,N,,,,,,,,,,,
,JANIE,C,FRICKS,,901112906,Y,20260801,001577-00,KENNESAW STATE UNIVERSITY,GA,4,Public,20260824,20261214,Q,B,BS IN PUBLIC HEALTH,512207,,,N,,,,,,,,,,,1
,JASON,,FRIMPONG,,901058289,Y,20260801,001598-00,UNIVERSITY OF GEORGIA,GA,4,Public,20260804,20261231,F,B,INTENDED COMPUTER SCIENCE,110701,,,N,,,,,,,,,,,1
,DESIREE,,WOOD,,901013793,N,20260801,,,,,,,,,,,,,,N,,,,,,,,,,,
,AN,T,PHAM,,900809290,N,20260801,,,,,,,,,,,,,,N,,,,,,,,,,,
,KARLEY,R,KRUGER,,901109466,Y,20260801,003644-00,TEXAS TECH UNIVERSITY LUBBOCK,TX,4,Public,20260810,20261209,F,G,PRE NURSING,511105,,,N,,,,,,,,,,,1
,BRIANA,G,ANGELES-ZAMARRIPA,,901108099,N,20260801,,,,,,,,,,,,,,N,,,,,,,,,,,
,HANNAH,C,JUSTICE,,901108167,Y,20260801,001598-00,UNIVERSITY OF GEORGIA,GA,4,Public,20260512,20260803,F,B,HOUSING MANAGEMENT POLICY,190601,,,N,,,,,,,,,,,1
,HANNAH,C,JUSTICE,,901108167,Y,20260801,001598-00,UNIVERSITY OF GEORGIA,GA,4,Public,20260804,20261231,F,B,HOUSING MANAGEMENT POLICY,190601,,,N,,,,,,,,,,,1
,HANNAH,C,JUSTICE,,901108167,Y,20260801,001585-00,UNIVERSITY OF NORTH GEORGIA,GA,4,Public,20260810,20261204,L,B,TRANSIENT,240102,,,N,,,,,,,,,,,2
,DAYANNA,Y,MEDRANO,,901108455,N,20260801,,,,,,,,,,,,,,N,,,,,,,,,,,
,KADEN,L,MYERS,,901108461,N,20260801,,,,,,,,,,,,,,N,,,,,,,,,,,
,BRIANNA,K,WILSON,,901107697,N,20260801,,,,,,,,,,,,,,N,,,,,,,,,,,
,ANTONIO,L,LANFRANCHI,,901122700,N,20260801,,,,,,,,,,,,,,N,,,,,,,,,,,
,JAYDEN,N,BARNES,,901127247,N,20260801,,,,,,,,,,,,,,N,,,,,,,,,,,
,ORLANDO,J,NUNEZ GIL,,901127303,N,20260801,,,,,,,,,,,,,,N,,,,,,,,,,,
,SAMIYA,M,GANTT-DAVIS,,901127965,N,20260801,,,,,,,,,,,,,,N,,,,,,,,,,,
,ANDREW,J,ALLEN,,901030612,N,20260801,,,,,,,,,,,,,,N,,,,,,,,,,,
,ASHLEY,,RODRIGUEZ-HERNANDEZ,,901109432,N,20260801,,,,,,,,,,,,,,N,,,,,,,,,,,
,AUDREY,C,HICKS,,901109198,Y,20260801,001598-00,UNIVERSITY OF GEORGIA,GA,4,Public,20260804,20261231,F,B,INTENDED HEALTH PROMOTION,512207,,,N,,,,,,,,,,,1
,KRISTAL,O,CAMPBELL,,900909054,N,20260801,,,,,,,,,,,,,,N,,,,,,,,,,,
,TRENTON,C,WILLIAMS,,901082035,N,20260801,,,,,,,,,,,,,,N,,,,,,,,,,,
,RALSTON,M,ROLAND,,900706981,N,20260801,,,,,,,,,,,,,,N,,,,,,,,,,,
,KYLIE,M,GALLAGHER,,901084223,Y,20260801,001598-00,UNIVERSITY OF GEORGIA,GA,4,Public,20260804,20261231,F,B,INTENDED EXERCISE AND SPORT SC,310505,,,N,,,,,,,,,,,1
,RYAN,N,KELLY,,901116165,Y,20260801,001598-00,UNIVERSITY OF GEORGIA,GA,4,Public,20260804,20261231,F,B,AG AND ENV SCI COMMUNICATION,010802,ANIMAL AND DAIRY SCIENCE,010901,N,,,,,,,,,,,1
,EMMERSON,S,STEMPIEN,,901059501,N,20260801,,,,,,,,,,,,,,N,,,,,,,,,,,
,SHRIYA,H,JAYAKUMAR,,901059473,N,20260801,,,,,,,,,,,,,,N,,,,,,,,,,,
,SEAN,W,CLIFT,,901057720,Y,20260801,001572-00,GEORGIA SOUTHERN UNIVERSITY,GA,4,Public,20260819,20261205,F,B,ELECTRICAL ENGINEERING,141001,,,N,,,,,,,,,,,1
,JANE,H,BAKER,,901127476,N,20260801,,,,,,,,,,,,,,N,,,,,,,,,,,
,TERENCE,,MCCRIMMON,,901127529,N,20260801,,,,,,,,,,,,,,N,,,,,,,,,,,
,CHRISTIAN,D,TUEME,,901127825,N,20260801,,,,,,,,,,,,,,N,,,,,,,,,,,
,SIMONE,,GRIFFITH-PETRIE,,901127838,Y,20260801,001585-00,UNIVERSITY OF NORTH GEORGIA,GA,4,Public,20260810,20261204,L,C,MED CURRICULUM AND INSTRUCTION,130301,,,N,,,,,,,,,,,1
,ABIGAIL,B,SAWYER,,901020629,N,20260801,,,,,,,,,,,,,,N,,,,,,,,,,,
,KEILY,K,HERNANDEZ,,901088377,Y,20260801,001577-00,KENNESAW STATE UNIVERSITY,GA,4,Public,20260824,20261214,F,B,MARKETING INTEREST,521401,,,N,,,,,,,,,,,1
,MATTHEW,L,GRAVES,,900938115,N,20260801,,,,,,,,,,,,,,N,,,,,,,,,,,
,HANNAH,C,HEMINGWAY,,901074884,Y,20260801,001598-00,UNIVERSITY OF GEORGIA,GA,4,Public,20260804,20261231,F,B,INTENDED SOCIAL WORK,440701,,,N,,,,,,,,,,,1
,HAMILTON,W,PEHRSON,,901059670,N,20260801,,,,,,,,,,,,,,N,,,,,,,,,,,
,DYLAN,T,KESLER,,901088346,Y,20260801,001563-00,EMMANUEL UNIVERSITY,GA,4,Private,20260812,20261119,F,F,AA-GENERAL ED,240101,,,N,,,,,,,,,,,1
,DEREK,W,HOLLIDAY,,900759335,N,20260801,,,,,,,,,,,,,,N,,,,,,,,,,,
,BETHANY,M,TURPEN,,901049571,Y,20260801,001598-00,UNIVERSITY OF GEORGIA,GA,4,Public,20260804,20261231,F,B,REGENERATIVE BIOSCIENCE,260102,,,N,,,,,,,,,,,1
,ISAAC,D,RODRIGUEZ,,901085033,N,20260801,,,,,,,,,,,,,,N,,,,,,,,,,,
,IRIS,A,PORTER,,900997364,Y,20260801,001580-04,MERCER UNIVERSITY ATLANTA,GA,4,Private,20260510,20260529,W,M,,520201,,,N,,,,,,,,,,,1
,ALANAH,Z,GUERRIER,,901112984,N,20260801,,,,,,,,,,,,,,N,,,,,,,,,,,
,GRAYSON,G,SEYFRED,,901059408,Y,20260801,001577-00,KENNESAW STATE UNIVERSITY,GA,4,Public,20260824,20261214,F,B,EXERCISE SCIENCE INTEREST,260908,,,N,,,,,,,,,,,1
,ADDISON,B,TAYLOR,,901057778,Y,20260801,001556-00,BRENAU UNIVERSITY,GA,4,Private,20260817,20261204,F,F,CONF RES & LEGAL STUD,229999,,,N,,,,,,,,,,,1
,ANNETTE,,BULLARD,,901123093,N,20260801,,,,,,,,,,,,,,N,,,,,,,,,,,
,COLBY,G,LOTT,,901113300,N,20260801,,,,,,,,,,,,,,N,,,,,,,,,,,
,SARAHI,,GAUNA,,901114308,N,20260801,,,,,,,,,,,,,,N,,,,,,,,,,,
,KEELIN,M,O'PRY,,901115336,N,20260801,,,,,,,,,,,,,,N,,,,,,,,,,,
,NICOLE,E,DUBE,,900609296,N,20260801,,,,,,,,,,,,,,N,,,,,,,,,,,
,VALERIA,V,BARRIOS,,901076065,N,20260801,,,,,,,,,,,,,,N,,,,,,,,,,,
,CARLOS,,GARZON FINOL,,901115585,N,20260801,,,,,,,,,,,,,,N,,,,,,,,,,,
,COURTNEY,,WITTES,,900498450,N,20260801,,,,,,,,,,,,,,N,,,,,,,,,,,
,AHMAYA,,BROWNLEE-HOLLEY,,901027190,N,20260801,,,,,,,,,,,,,,N,,,,,,,,,,,
,NATALIE,,RICE,,900177772,N,20260801,,,,,,,,,,,,,,N,,,,,,,,,,,
,MARIAH,C,SHACKLEFORD,,901108960,N,20260801,,,,,,,,,,,,,,N,,,,,,,,,,,
,JOHNATHAN,J,TORR,,900905104,N,20260801,,,,,,,,,,,,,,N,,,,,,,,,,,
,JENNIFER,R,MCALLISTER,,901084308,N,20260801,,,,,,,,,,,,,,N,,,,,,,,,,,
,DANILEA,,GONZALEZ MUNOZ,,901031366,N,20260801,,,,,,,,,,,,,,N,,,,,,,,,,,
,LILY,E,JANNING,,901056923,Y,20260801,001598-00,UNIVERSITY OF GEORGIA,GA,4,Public,20260804,20261231,F,B,BIOLOGY,260101,,,N,,,,,,,,,,,1
,MICHAEL,P,COX,,901082060,N,20260801,,,,,,,,,,,,,,N,,,,,,,,,,,
,HANNAH,M,SAMPSON,,901083547,Y,20260801,003484-00,COVENANT COLLEGE,GA,4,Private,20260827,20261209,F,B,ENGLISH,230101,,,N,,,,,,,,,,,1
,WYATT,U,DASHER,,901023575,Y,20260801,001598-00,UNIVERSITY OF GEORGIA,GA,4,Public,20260804,20261231,Q,B,CRIMINAL JUSTICE,430103,POLITICAL SCIENCE,451001,N,,,,,,,,,,,1
,SAMUEL,J,GRISWOLD,,900919643,N,20260801,,,,,,,,,,,,,,N,,,,,,,,,,,
,LYLA,R,SETZER,,901057740,N,20260801,,,,,,,,,,,,,,N,,,,,,,,,,,
,JADYN,M,PAGE,,901089658,Y,20260801,001598-00,UNIVERSITY OF GEORGIA,GA,4,Public,20260804,20261231,F,B,BIOCHEM AND MOLECULAR BIOLOGY,260210,,,N,,,,,,,,,,,1
,BRYCE,J,FRANKLIN,,901088000,Y,20260801,001572-00,GEORGIA SOUTHERN UNIVERSITY,GA,4,Public,20260819,20261205,F,B,FINANCE,520801,CONSTRUCTION MANAGEMENT,151001,N,,,,,,,,,,,1
,FAGAN,E,BABB,,901058125,Y,20260801,001598-00,UNIVERSITY OF GEORGIA,GA,4,Public,20260804,20261231,F,B,FINANCIAL PLANNING,190401,INTENDED ACCOUNTING,520301,N,,,,,,,,,,,1
,ABIGAIL,L,MOODY,,900890476,N,20260801,,,,,,,,,,,,,,N,,,,,,,,,,,
,DASHANAY,A,BROWN,,900269557,N,20260801,,,,,,,,,,,,,,N,,,,,,,,,,,
,ANSLEY,P,BUDAY,,901108213,N,20260801,,,,,,,,,,,,,,N,,,,,,,,,,,
,CHARLOTTE,E,COURTRIGHT,,901059712,Y,20260801,001009-00,AUBURN UNIVERSITY,AL,4,Public,20260817,20261211,F,B,EXPLORE YOUR MAJOR,309999,,,N,,,,,,,,,,,1
,BRIDGET,N,MENJIVAR,,900641916,N,20260801,,,,,,,,,,,,,,N,,,,,,,,,,,
,JACK,H,WILSON,,901059544,Y,20260801,001574-06,GEORGIA STATE UNIVERSITY- PERIMETER COLLEGE,GA,2,Public,20260511,20260803,F,S,BIOLOGY,240101,,,N,,,,,,,,,,,1
,JACK,H,WILSON,,901059544,Y,20260801,001598-00,UNIVERSITY OF GEORGIA,GA,4,Public,20260804,20261231,F,B,BIOLOGY,260101,,,N,,,,,,,,,,,2
,ARIEL,E,CORNWELL,,901108525,N,20260801,,,,,,,,,,,,,,N,,,,,,,,,,,
,EMILY,G,HADLEY,,901107552,N,20260801,,,,,,,,,,,,,,N,,,,,,,,,,,
,JENNIFER,,RAMIREZ,,901107207,N,20260801,,,,,,,,,,,,,,N,,,,,,,,,,,
,RILEY,C,MCINTOSH,,901106640,N,20260801,,,,,,,,,,,,,,N,,,,,,,,,,,
,JAYLA,M,JOHNSON,,901106682,N,20260801,,,,,,,,,,,,,,N,,,,,,,,,,,
,RODNEY,,NATH,,901105915,N,20260801,,,,,,,,,,,,,,N,,,,,,,,,,,
,LAUREN,R,HATFIELD,,900956618,N,20260801,,,,,,,,,,,,,,N,,,,,,,,,,,
,CODY,L,DUPUIS,,901120209,Y,20260801,001588-00,PIEDMONT UNIVERSITY,GA,4,Private,20260812,20261208,L,F,,,,,N,,,,,,,,,,,1
,CODY,L,DUPUIS,,901120209,Y,20260801,001604-00,YOUNG HARRIS COLLEGE,GA,4,Private,20260817,20261211,L,,,,,,N,,,,,,,,,,,2
,EMMA,G,DRURY,,901120944,Y,20260801,001588-00,PIEDMONT UNIVERSITY,GA,4,Private,20260812,20261208,L,F,,,,,N,,,,,,,,,,,1
,EMMA,G,DRURY,,901120944,Y,20260801,001604-00,YOUNG HARRIS COLLEGE,GA,4,Private,20260817,20261211,L,,,,,,N,,,,,,,,,,,2
,MARIELA,,GONZALEZ,,900861118,N,20260801,,,,,,,,,,,,,,N,,,,,,,,,,,
,REECE,P,GILES,,901120324,N,20260801,,,,,,,,,,,,,,N,,,,,,,,,,,
,ASHLEY,L,ALMANZA DOMINGUEZ,,901120346,N,20260801,,,,,,,,,,,,,,N,,,,,,,,,,,
,HADLEIGH,M,CRUMLEY,,901120506,N,20260801,,,,,,,,,,,,,,N,,,,,,,,,,,
,RODDRECUS,D,WALTON,,901120865,N,20260801,,,,,,,,,,,,,,N,,,,,,,,,,,
,LILLIE,,COOK,,901120868,Y,20260801,001588-00,PIEDMONT UNIVERSITY,GA,4,Private,20260812,20261208,Q,F,,,,,N,,,,,,,,,,,1
,LILLIE,,COOK,,901120868,Y,20260801,001604-00,YOUNG HARRIS COLLEGE,GA,4,Private,20260817,20261211,L,,,,,,N,,,,,,,,,,,2
,SAVANNAH,C,JACKSON,,901120950,N,20260801,,,,,,,,,,,,,,N,,,,,,,,,,,
,KENZY,H,THOMPSON,,900719974,N,20260801,,,,,,,,,,,,,,N,,,,,,,,,,,
,LILIANA,G,HARMON,,901014587,Y,20260801,001577-00,KENNESAW STATE UNIVERSITY,GA,4,Public,20260824,20261214,F,B,HISTORY,540101,,,N,,,,,,,,,,,1
,JEANETTE,,NGUNGU,,901095508,N,20260801,,,,,,,,,,,,,,N,,,,,,,,,,,
,RILEY,,BARBEE,,901095231,N,20260801,,,,,,,,,,,,,,N,,,,,,,,,,,
,JAYDEN,I,RANEY,,901095510,N,20260801,,,,,,,,,,,,,,N,,,,,,,,,,,
,ALISON,L,COLEMAN,,900936844,N,20260801,,,,,,,,,,,,,,N,,,,,,,,,,,
,RYLEE,J,DAVIS,,901120417,N,20260801,,,,,,,,,,,,,,N,,,,,,,,,,,
,J,R,CRISWELL,,900838650,N,20260801,,,,,,,,,,,,,,N,,,,,,,,,,,
,CHARLOTTE,V,HEREDIA,,901058234,Y,20260801,001577-00,KENNESAW STATE UNIVERSITY,GA,4,Public,20260824,20261214,F,B,INTEGRATED HEALTH SCIENCE,510000,,,N,,,,,,,,,,,1
,AIYANA,S,DONLEY,,901054180,Y,20260801,001577-00,KENNESAW STATE UNIVERSITY,GA,4,Public,20260824,20261214,F,B,MEDIA ENTERTAINMENT,090702,,,N,,,,,,,,,,,1
,SAWYER,G,FLEMING,,901055431,Y,20260801,001598-00,UNIVERSITY OF GEORGIA,GA,4,Public,20260804,20261231,F,B,POULTRY SCIENCE,010907,,,N,,,,,,,,,,,1
,EDIXO,G,LOPEZ ROJAS,,901065440,N,20260801,,,,,,,,,,,,,,N,,,,,,,,,,,
,ALEXANDER,,CLARK,,901054790,Y,20260801,001577-00,KENNESAW STATE UNIVERSITY,GA,4,Public,20260824,20261214,F,B,HUMAN SERVICES,440000,,,N,,,,,,,,,,,1
,CADEN,R,PRATER,,901108095,N,20260801,,,,,,,,,,,,,,N,,,,,,,,,,,
,EMELY,,VALENCIA,,901106846,Y,20260801,001556-00,BRENAU UNIVERSITY,GA,4,Private,20260817,20261204,L,N,SPECIAL STUDENT,240199,,,N,,,,,,,,,,,1
,ELI,M,KOHLER,,901122492,N,20260801,,,,,,,,,,,,,,N,,,,,,,,,,,
,PHILLIP,P,DORSEY,,901106647,N,20260801,,,,,,,,,,,,,,N,,,,,,,,,,,
,MARGARET,V,WATKINS,,901108828,N,20260801,,,,,,,,,,,,,,N,,,,,,,,,,,
,JACKIE,L,MORRIS,,900969853,N,20260801,,,,,,,,,,,,,,N,,,,,,,,,,,
,GRACE,D,BAGWELL,,901106818,N,20260801,,,,,,,,,,,,,,N,,,,,,,,,,,
,SARAH,A,LINCOLN,,901106989,N,20260801,,,,,,,,,,,,,,N,,,,,,,,,,,
,BENTLEY,E,BAKER,,901106013,N,20260801,,,,,,,,,,,,,,N,,,,,,,,,,,
,MARITZA,,GONZALEZ,,901122749,N,20260801,,,,,,,,,,,,,,N,,,,,,,,,,,
,OSCAR,A,RAMIREZ,,901122779,Y,20260801,001585-00,UNIVERSITY OF NORTH GEORGIA,GA,4,Public,20260810,20261204,F,A,BUSINESS ADMIN PATHWAY,240101,,,N,,,,,,,,,,,1
,JAYDEN,A,AKABA,,901122814,N,20260801,,,,,,,,,,,,,,N,,,,,,,,,,,
,NYKIA,T,DARKO,,901092080,N,20260801,,,,,,,,,,,,,,N,,,,,,,,,,,
,ASHLYNN,G,MAY,,901123966,Y,20260801,003954-00,UNIVERSITY OF CENTRAL FLORIDA,FL,4,Public,20260824,20261210,F,F,KINESIOLOGY PENDING,310505,,,N,,,,,,,,,,,1
,PAMELA,M,SANCHEZ,,901106144,N,20260801,,,,,,,,,,,,,,N,,,,,,,,,,,
,JENNA,R,MAGNUSON,,901105746,N,20260801,,,,,,,,,,,,,,N,,,,,,,,,,,
,DAYAMI,K,ORTIZ-MATA,,901104415,N,20260801,,,,,,,,,,,,,,N,,,,,,,,,,,
,WILMER,O,OLIVA,,901126384,N,20260801,,,,,,,,,,,,,,N,,,,,,,,,,,
,KAYDENCE,F,WALTON,,901126575,Y,20260801,009430-00,TRI-COUNTY COMMUNITY COLLEGE,NC,2,Public,20260817,20261217,F,,,,,,N,,,,,,,,,,,1
,KINGSLEY,C,NDUBISI,,901127139,N,20260801,,,,,,,,,,,,,,N,,,,,,,,,,,
,CADE,A,ANDERSON,,901127335,N,20260801,,,,,,,,,,,,,,N,,,,,,,,,,,
,ASHLEY,J,ARTEAGA,,901127483,N,20260801,,,,,,,,,,,,,,N,,,,,,,,,,,
,ANNABELLE,D,ANDERSON,,901127488,N,20260801,,,,,,,,,,,,,,N,,,,,,,,,,,
,JALOLIDDIN,Z,LAZAREV,,900739718,N,20260801,,,,,,,,,,,,,,N,,,,,,,,,,,
,MARY JOHN,,REINHARD,,901104808,Y,20260801,002440-00,UNIVERSITY OF MISSISSIPPI,MS,4,Public,20260824,20261204,F,R,SOUTHERN STUDIES,050122,,,N,,,,,,,,,,,1
,ANDREA,,MALDONADO,,901104011,Y,20260801,001564-01,EMORY UNIVERSITY-OXFORD,GA,4,Private,20260826,20261219,,A,ARTS & SCIENCES,240101,,,N,,,,,,,,,,,1
,STEPHEN,,FINCHER,,901104224,N,20260801,,,,,,,,,,,,,,N,,,,,,,,,,,
,MIA,B,SOUZA,,901104200,N,20260801,,,,,,,,,,,,,,N,,,,,,,,,,,
,DAYRON,D,SUAREZ,,901113870,N,20260801,,,,,,,,,,,,,,N,,,,,,,,,,,
,GRACE,A,SETTLES,,901113771,N,20260801,,,,,,,,,,,,,,N,,,,,,,,,,,
,DAVID,W,LEFTWICH,,901114338,N,20260801,,,,,,,,,,,,,,N,,,,,,,,,,,
,KIERA,L,TAYLOR,,901103450,N,20260801,,,,,,,,,,,,,,N,,,,,,,,,,,
,CONNOR,D,THOMPSON,,901102820,Y,20260801,001598-00,UNIVERSITY OF GEORGIA,GA,4,Public,20260512,20260803,H,B,NUTRITIONAL SCIENCES,301901,UNSPECIFIED,240102,N,,,,,,,,,,,1
,CONNOR,D,THOMPSON,,901102820,Y,20260801,001598-00,UNIVERSITY OF GEORGIA,GA,4,Public,20260804,20261231,F,B,NUTRITIONAL SCIENCES,301901,UNSPECIFIED,240102,N,,,,,,,,,,,1
,JULIANA,,FONSECA-SABRICA,,901126337,N,20260801,,,,,,,,,,,,,,N,,,,,,,,,,,
,EMMA ROSE,I,HUNTER,,901126454,N,20260801,,,,,,,,,,,,,,N,,,,,,,,,,,
,MAYADA,M,MOHAMMEDALHASSEN,,901126516,N,20260801,,,,,,,,,,,,,,N,,,,,,,,,,,
,CRAIG,B,BARNES,,900030927,N,20260801,,,,,,,,,,,,,,N,,,,,,,,,,,
,ANAYELI,,OSORIO PEREZ,,901127294,N,20260801,,,,,,,,,,,,,,N,,,,,,,,,,,
,KAMRYN,B,WEBB,,901127299,N,20260801,,,,,,,,,,,,,,N,,,,,,,,,,,
,ALONDRA,,VACA,,900829308,N,20260801,,,,,,,,,,,,,,N,,,,,,,,,,,
,SANAY,J,SISWAWALA,,901059669,Y,20260801,001598-00,UNIVERSITY OF GEORGIA,GA,4,Public,20260804,20261231,F,B,BIOMEDICAL PHYSIOLOGY,260901,INTENDED EXERCISE AND SPORT SC,310505,N,,,,,,,,,,,1
,SHANYA,,SINGH,,900973765,N,20260801,,,,,,,,,,,,,,N,,,,,,,,,,,
,KIAN,,ESMAEILI,,900999557,N,20260801,,,,,,,,,,,,,,N,,,,,,,,,,,
,MARGARET,J,SCROGGS,,900916610,N,20260801,,,,,,,,,,,,,,N,,,,,,,,,,,
,HANNAH,E,ALOISIO,,900988003,N,20260801,,,,,,,,,,,,,,N,,,,,,,,,,,
,KATERRIOUS,D,DYE,,900711464,N,20260801,,,,,,,,,,,,,,N,,,,,,,,,,,
,TIFFANY,,LECROY,,900018037,N,20260801,,,,,,,,,,,,,,N,,,,,,,,,,,
,HANNAH,E,COLE,,901029133,Y,20260801,001598-00,UNIVERSITY OF GEORGIA,GA,4,Public,20260804,20261231,F,B,UNSPECIFIED,240102,,,N,,,,,,,,,,,1
,MATTEA,,FRADY,,901029171,N,20260801,,,,,,,,,,,,,,N,,,,,,,,,,,
,DANIELA,J,VALLADARES,,901115651,N,20260801,,,,,,,,,,,,,,N,,,,,,,,,,,
,SAMANTHA,C,TATUM,,900504717,N,20260801,,,,,,,,,,,,,,N,,,,,,,,,,,
,KNOX,L,BOYD,,901059453,Y,20260801,001547-00,POINT UNIVERSITY,GA,4,Private,20260819,20261213,F,F,,111003,,,N,,,,,,,,,,,1
,SOPHIA,S,BYRON,,901119930,Y,20260801,001588-00,PIEDMONT UNIVERSITY,GA,4,Private,20260812,20261208,L,F,,,,,N,,,,,,,,,,,1
,SOPHIA,S,BYRON,,901119930,Y,20260801,001604-00,YOUNG HARRIS COLLEGE,GA,4,Private,20260817,20261211,L,,,,,,N,,,,,,,,,,,2
,ALLYSON,L,MEYER,,901120012,N,20260801,,,,,,,,,,,,,,N,,,,,,,,,,,
,CARLIE,A,HOLMES,,901120046,Y,20260801,001588-00,PIEDMONT UNIVERSITY,GA,4,Private,20260812,20261208,F,F,HISTORY AND GOVERNMENT,540101,,,N,,,,,,,,,,,1
,DANIEL,C,LOCKLEAR,,901120228,Y,20260801,001577-00,KENNESAW STATE UNIVERSITY,GA,4,Public,20260824,20261214,F,B,FINANCE INTEREST,520801,,,N,,,,,,,,,,,1
,PERLA,,SANCHEZ,,901120237,N,20260801,,,,,,,,,,,,,,N,,,,,,,,,,,
,AMY,E,SMITH,,901120239,N,20260801,,,,,,,,,,,,,,N,,,,,,,,,,,
,CINTHYA,,CORTEZ,,901120273,N,20260801,,,,,,,,,,,,,,N,,,,,,,,,,,
,AMANDA,C,SEUSER,,901120485,Y,20260801,001598-00,UNIVERSITY OF GEORGIA,GA,4,Public,20260804,20261231,L,B,INTENDED DIETETICS,301901,,,N,,,,,,,,,,,1
,ROLAND,F,LAWRENCE,,901120867,Y,20260801,001588-00,PIEDMONT UNIVERSITY,GA,4,Private,20260812,20261208,L,F,,,,,N,,,,,,,,,,,1
,TIAGO,M,SILVA MAIA,,901120887,N,20260801,,,,,,,,,,,,,,N,,,,,,,,,,,
,MUKUL,,CHEERU,,901124792,N,20260801,,,,,,,,,,,,,,N,,,,,,,,,,,
,NOLAN,S,STEWMAN,,901076846,Y,20260801,041429-00,GEORGIA GWINNETT COLLEGE,GA,4,Public,20260810,20261208,F,B,GENERAL BUS FINANCE CONC,520101,,,N,,,,,,,,,,,1
,KRISTIN,A,CARR-KALLMAN,,900175780,N,20260801,,,,,,,,,,,,,,N,,,,,,,,,,,
,KENYON,B,HARRIS,,901110153,Y,20260801,001598-00,UNIVERSITY OF GEORGIA,GA,4,Public,20260804,20261231,F,B,INTENDED CRIMINAL JUSTICE,430103,,,N,,,,,,,,,,,1
,SHEA,M,HAYES,,900952571,N,20260801,,,,,,,,,,,,,,N,,,,,,,,,,,
,ROBERT,,HARVEY,,901005134,N,20260801,,,,,,,,,,,,,,N,,,,,,,,,,,
,JOCELYNN,L,VANFLEET-HOWINGTON,,901023980,N,20260801,,,,,,,,,,,,,,N,,,,,,,,,,,
,AUSTIN,S,THOMPSON,,900958744,N,20260801,,,,,,,,,,,,,,N,,,,,,,,,,,
,ETHAN,D,FOUNTAIN,,901117708,N,20260801,,,,,,,,,,,,,,N,,,,,,,,,,,
,MICHAEL,J,SHEFFEY,,901117821,N,20260801,,,,,,,,,,,,,,N,,,,,,,,,,,
,ABIGAIL,R,HARVEY,,901118083,N,20260801,,,,,,,,,,,,,,N,,,,,,,,,,,
,SHURLE,,ORTIZ,,900913590,N,20260801,,,,,,,,,,,,,,N,,,,,,,,,,,
,SOPHIA,I,BUTLER,,901045172,N,20260801,,,,,,,,,,,,,,N,,,,,,,,,,,
,CORI,A,SLAY,,900919901,N,20260801,,,,,,,,,,,,,,N,,,,,,,,,,,
,ELIZABETH,N,MUCHIRI,,900144834,N,20260801,,,,,,,,,,,,,,N,,,,,,,,,,,
,LINDSEY,P,CAMERON,,900987588,Y,20260801,008976-00,CLAYTON STATE UNIVERSITY,GA,4,Public,20260808,20261208,F,J,ENGLISH,230101,,,N,,,,,,,,,,,1
,EMILY,A,MINTZ,,900220612,N,20260801,,,,,,,,,,,,,,N,,,,,,,,,,,
,GAVIN,J,POPE,,901119156,N,20260801,,,,,,,,,,,,,,N,,,,,,,,,,,
,TOCHUKWU,D,CHIMEZIE,,901119317,Y,20260801,041429-00,GEORGIA GWINNETT COLLEGE,GA,4,Public,20260810,20261208,F,B,INFO TECH SOFTWARE DEV CONC,110103,,,N,,,,,,,,,,,1
,ELI,G,CHAFFIN,,901030266,Y,20260801,001596-00,UNIVERSITY OF TOCCOA FALLS,GA,4,Private,20260824,20261211,F,,GENERAL STUDIES (BACH),240101,,,N,,,,,,,,,,,1
,SADIE,L,RANDA,,901121489,N,20260801,,,,,,,,,,,,,,N,,,,,,,,,,,
,JOSHUA,A,KIMBRAL,,900254991,N,20260801,,,,,,,,,,,,,,N,,,,,,,,,,,
,KAYCIE,L,MALCOLM,,900877757,N,20260801,,,,,,,,,,,,,,N,,,,,,,,,,,
,THOMAS,H,WOODRUFF,,901018876,N,20260801,,,,,,,,,,,,,,N,,,,,,,,,,,
,KONNER,I,DEARMAN,,901055864,Y,20260801,001585-00,UNIVERSITY OF NORTH GEORGIA,GA,4,Public,20260810,20261204,F,A,ENGINEERING REP PATHWAY,240101,,,N,,,,,,,,,,,1
,REBECCA,J,ULM,,900974445,N,20260801,,,,,,,,,,,,,,N,,,,,,,,,,,
,MELANY,,CHAVEZ-BETANCOURT,,900945479,N,20260801,,,,,,,,,,,,,,N,,,,,,,,,,,
,TURNER,J,KNUTH,,901056273,N,20260801,,,,,,,,,,,,,,N,,,,,,,,,,,
,EMILY,,GOMEZ,,901065833,N,20260801,,,,,,,,,,,,,,N,,,,,,,,,,,
,CAMERON,L,VINCENT,,900908059,N,20260801,,,,,,,,,,,,,,N,,,,,,,,,,,
,BRYCE,A,WATERS,,900763451,N,20260801,,,,,,,,,,,,,,N,,,,,,,,,,,
,SEAN,M,O'BRIEN,,900527387,Y,20260801,001598-00,UNIVERSITY OF GEORGIA,GA,4,Public,20260512,20260803,H,,ACCOUNTING,520301,,,N,,,,,,,,,,,1
,SEAN,M,O'BRIEN,,900527387,Y,20260801,001598-00,UNIVERSITY OF GEORGIA,GA,4,Public,20260804,20261231,H,,ACCOUNTING,520301,,,N,,,,,,,,,,,1
,EMMA,G,MURPHY,,901043640,Y,20260801,032553-00,FLORIDA GULF COAST UNIVERSITY,FL,4,Public,20260817,20261204,F,F,PSYCHOLOGY,420101,,,N,,,,,,,,,,,1
,GRACE,A,FOLAND,,901051830,N,20260801,,,,,,,,,,,,,,N,,,,,,,,,,,
,EMMA,G,KWON,,901051866,Y,20260801,001577-00,KENNESAW STATE UNIVERSITY,GA,4,Public,20260824,20261214,F,B,EXERCISE SCIENCE INTEREST,260908,,,N,,,,,,,,,,,1
,KEYON,J,LOWE,,901095598,N,20260801,,,,,,,,,,,,,,N,,,,,,,,,,,
,DARLYN,,SOLIS,,900916174,N,20260801,,,,,,,,,,,,,,N,,,,,,,,,,,
,ALYSSA,K,MURRAY,,900920891,N,20260801,,,,,,,,,,,,,,N,,,,,,,,,,,
,KENNEDY,B,MAYS,,901024764,Y,20260801,001598-00,UNIVERSITY OF GEORGIA,GA,4,Public,20260804,20261231,F,B,REGENERATIVE BIOSCIENCE,260102,,,N,,,,,,,,,,,1
,CAROLINE,R,SEAGRAVES,,901046236,Y,20260801,001598-00,UNIVERSITY OF GEORGIA,GA,4,Public,20260512,20260803,H,B,RISK MANAGEMENT AND INSURANCE,521701,,,N,,,,,,,,,,,1
,CAROLINE,R,SEAGRAVES,,901046236,Y,20260801,001598-00,UNIVERSITY OF GEORGIA,GA,4,Public,20260804,20261231,F,B,RISK MANAGEMENT AND INSURANCE,521701,,,N,,,,,,,,,,,1
,JACOB,E,HUBER,,901113088,N,20260801,,,,,,,,,,,,,,N,,,,,,,,,,,
,SILAS,J,COFFEY,,901111986,N,20260801,,,,,,,,,,,,,,N,,,,,,,,,,,
,MADASIN,G,STOLZMANN,,901059070,N,20260801,,,,,,,,,,,,,,N,,,,,,,,,,,
,AVA,C,MOORE,,901111908,N,20260801,,,,,,,,,,,,,,N,,,,,,,,,,,
,KEVIN,,STARK,,901128093,N,20260801,,,,,,,,,,,,,,N,,,,,,,,,,,
,VICTORIA,K,IVESTER,,901128114,N,20260801,,,,,,,,,,,,,,N,,,,,,,,,,,
,ADDISON,A,DUNAWAY,,901082713,Y,20260801,001598-00,UNIVERSITY OF GEORGIA,GA,4,Public,20260804,20261231,F,B,PSYCHOLOGY,420101,,,N,,,,,,,,,,,1
,MYLAH,F,GOUDY,,900971682,Y,20260801,003721-00,JAMES MADISON UNIVERSITY,VA,4,Public,20260826,20261218,F,M,SPORT AND REC LEADERSHIP - MS,310504,,,N,,,,,,,,,,,1
,GABRIEL,T,DANIEL,,901115534,N,20260801,,,,,,,,,,,,,,N,,,,,,,,,,,
,GAGE,M,FERGUSON,,901115606,N,20260801,,,,,,,,,,,,,,N,,,,,,,,,,,
,ABBY,L,WEIMORTS,,900975045,Y,20260801,001598-00,UNIVERSITY OF GEORGIA,GA,4,Public,20260804,20261231,F,T,PUBLIC HEALTH,512201,CERT SOCIAL DETERMINANTS HLTH,512212,N,,,,,,,,,,,1
,BRINSON,M,BISHOP,,900872136,N,20260801,,,,,,,,,,,,,,N,,,,,,,,,,,
,SAMANTHA,P,AVILES,,900977730,N,20260801,,,,,,,,,,,,,,N,,,,,,,,,,,
,TAJHI,Q,MAHAFFEY,,900656423,N,20260801,,,,,,,,,,,,,,N,,,,,,,,,,,
,ANNA,K,WILLIAMSON,,901057907,Y,20260801,001598-00,UNIVERSITY OF GEORGIA,GA,4,Public,20260804,20261231,F,B,BIOLOGY,260101,,,N,,,,,,,,,,,1
,ELI,,KIMBARL,,901100778,N,20260801,,,,,,,,,,,,,,N,,,,,,,,,,,
,HENRY,,NDUBISI,,900983375,Y,20260801,002580-00,SOUTHERN NEW HAMPSHIRE- 09WEEK,NH,4,Private,20260629,20261025,F,J,BUSINESS ADMINISTRATION,520201,,,N,,,,,,,,,,,1
,SUSAN,,KAMBAM,,901075582,Y,20260801,001569-00,GEORGIA INSTITUTE OF TECHNOLOGY,GA,4,Public,20260518,20260806,H,B,COMPUTER SCIENCE,110101,,,N,,,,,,,,,,,1
,VICTORIA,A,MILBURN,,901103010,Y,20260801,001598-00,UNIVERSITY OF GEORGIA,GA,4,Public,20260804,20261231,F,B,MICROBIOLOGY,260502,,,N,,,,,,,,,,,1
,AMELIA,A,CAMPBELL,,901102279,Y,20260801,001577-00,KENNESAW STATE UNIVERSITY,GA,4,Public,20260824,20261214,F,B,FINANCE INTEREST,520801,,,N,,,,,,,,,,,1
,LAURA,D,ZORC,,900016109,N,20260801,,,,,,,,,,,,,,N,,,,,,,,,,,
,MADISON,A,COBLE,,900822938,N,20260801,,,,,,,,,,,,,,N,,,,,,,,,,,
,KELLAN,E,MILLER,,901120400,N,20260801,,,,,,,,,,,,,,N,,,,,,,,,,,
,OLIVIA,C,MATCHEN,,901122987,Y,20260801,001556-00,BRENAU UNIVERSITY,GA,4,Private,20260817,20261204,L,N,SPECIAL STUDENT,240199,,,N,,,,,,,,,,,1
,ARIEL,F,COPELAND,,901106502,N,20260801,,,,,,,,,,,,,,N,,,,,,,,,,,
,KAMILA,A,QUINTERO HATEM,,901119030,Y,20260801,001588-00,PIEDMONT UNIVERSITY,GA,4,Private,20260812,20261208,Q,F,,,,,N,,,,,,,,,,,1
,GRACIE,L,THOMPSON,,901107875,N,20260801,,,,,,,,,,,,,,N,,,,,,,,,,,
,JUAN,C,PINEDA HERRERA,,901118785,N,20260801,,,,,,,,,,,,,,N,,,,,,,,,,,
,RYLAND,G,ZAMMETTI,,901118902,Y,20260801,001604-00,YOUNG HARRIS COLLEGE,GA,4,Private,20260817,20261211,H,,,,,,N,,,,,,,,,,,1
,CHARLOTTE,L,WADE,,900119918,N,20260801,,,,,,,,,,,,,,N,,,,,,,,,,,
,BRIANNA,Y,BURTON,,900829513,N,20260801,,,,,,,,,,,,,,N,,,,,,,,,,,
,LILLY,J,GARCIA,,901071106,Y,20260801,001556-00,BRENAU UNIVERSITY,GA,4,Private,20260817,20261204,F,F,NURSING,513801,,,N,,,,,,,,,,,1
,LAYLA,A,MORTON,,901081343,N,20260801,,,,,,,,,,,,,,N,,,,,,,,,,,
,ISRAEL,J,RAMOS,,900904886,N,20260801,,,,,,,,,,,,,,N,,,,,,,,,,,
,ERIKA,I,MARTINEZ,,900654110,N,20260801,,,,,,,,,,,,,,N,,,,,,,,,,,
,WILLIAM,M,YOUNG,,900552792,N,20260801,,,,,,,,,,,,,,N,,,,,,,,,,,
,SKYE,S,LANCASTER,,900928784,Y,20260801,004938-00,SOUTH COLLEGE,TN,4,Private,20260624,20260910,F,,,513801,,,N,,,,,,,,,,,1
,GIOVANNI,J,MORALES,,901127963,Y,20260801,001585-00,UNIVERSITY OF NORTH GEORGIA,GA,4,Public,20260810,20261204,F,B,CRIMINAL JUSTICE,430104,,,N,,,,,,,,,,,1
,SHAYLA,L,BLALOCK,,901054988,N,20260801,,,,,,,,,,,,,,N,,,,,,,,,,,
,KAITLYN,M,VERNON,,901086745,N,20260801,,,,,,,,,,,,,,N,,,,,,,,,,,
,CHLOE,E,BOZOF,,901086766,Y,20260801,001598-00,UNIVERSITY OF GEORGIA,GA,4,Public,20260804,20261231,F,B,NUTRITIONAL SCIENCES,301901,,,N,,,,,,,,,,,1
,SEAN,,BOGDAN,,901084116,N,20260801,,,,,,,,,,,,,,N,,,,,,,,,,,
,SOFIA,,SANCHEZ,,901050902,Y,20260801,001574-00,GEORGIA STATE UNIVERSITY,GA,4,Public,20260824,20261215,F,F,POLITICAL SCIENCE,451001,,,N,,,,,,,,,,,1
,COLLIN,A,ST. DIC,,901084284,N,20260801,,,,,,,,,,,,,,N,,,,,,,,,,,
,ELENA,G,ANDERSON,,901085122,Y,20260801,001598-00,UNIVERSITY OF GEORGIA,GA,4,Public,20260804,20261231,F,B,INTENDED MATH EDUCATION,131311,,,N,,,,,,,,,,,1
,LANCE,P,JACKSON,,901068859,Y,20260801,001585-00,UNIVERSITY OF NORTH GEORGIA,GA,4,Public,20260810,20261204,F,B,COMPUTER SCIENCE,110101,,,N,,,,,,,,,,,1
,MATTHEW,J,HOGUE,,901056458,Y,20260801,001574-00,GEORGIA STATE UNIVERSITY,GA,4,Public,20260824,20261215,F,S,PRE BUSINESS ECONOMICS,520601,,,N,,,,,,,,,,,1
,JASON,T,GALASSO,,901052381,Y,20260801,001572-00,GEORGIA SOUTHERN UNIVERSITY,GA,4,Public,20260819,20261205,F,B,CONSTRUCTION MANAGEMENT,151001,,,N,,,,,,,,,,,1
,ANSLEY,E,ROSINSKI,,901057430,Y,20260801,001577-00,KENNESAW STATE UNIVERSITY,GA,4,Public,20260824,20261214,F,B,CHEMISTRY,400501,,,N,,,,,,,,,,,1
,MEGAN,A,GEHRTS,,901057431,Y,20260801,001572-00,GEORGIA SOUTHERN UNIVERSITY,GA,4,Public,20260819,20261205,F,B,EXERCISE SCIENCE,310505,,,N,,,,,,,,,,,1
,SARAH,E,CASEY,,901063753,N,20260801,,,,,,,,,,,,,,N,,,,,,,,,,,
,LILLIAN,T,GADDY,,901056573,Y,20260801,002981-00,WESTERN CAROLINA UNIVERSITY,NC,4,Public,20260817,20261211,F,B,INTEGRATED HEALTH SCIENCES,510000,,,N,,,,,,,,,,,1
,ERIC,J,SAAVEDRA,,900788612,Y,20260801,002580-00,SOUTHERN NEW HAMPSHIRE- 09WEEK,NH,4,Private,20260504,20260823,F,R,COMPUTER SCIENCE,110701,,,N,,,,,,,,,,,1
,ALBANY,F,ZAVARCE ANGULO,,900961260,N,20260801,,,,,,,,,,,,,,N,,,,,,,,,,,
,CINDY,P,CARRASCO,,901110102,N,20260801,,,,,,,,,,,,,,N,,,,,,,,,,,
,JIMMY,,CASTILLO,,900311494,N,20260801,,,,,,,,,,,,,,N,,,,,,,,,,,
,REBECCA,E,HEARD,,901056373,Y,20260801,002981-00,WESTERN CAROLINA UNIVERSITY,NC,4,Public,20260817,20261211,F,B,INTEREST IN NURSING,240102,,,N,,,,,,,,,,,1
,FALLON,J,MILLS,,900524183,N,20260801,,,,,,,,,,,,,,N,,,,,,,,,,,
,LIJUN,,XU,,901102156,N,20260801,,,,,,,,,,,,,,N,,,,,,,,,,,
,JULIE,A,MCBRIDE,,901119282,N,20260801,,,,,,,,,,,,,,N,,,,,,,,,,,
,KAYLEE,M,GANDY,,901119331,N,20260801,,,,,,,,,,,,,,N,,,,,,,,,,,
,MARY,M,REID,,901054770,Y,20260801,001598-00,UNIVERSITY OF GEORGIA,GA,4,Public,20260804,20261231,F,B,PSYCHOLOGY,420101,,,N,,,,,,,,,,,1
,CHRISTOPHER,A,BAGWELL,,900759045,N,20260801,,,,,,,,,,,,,,N,,,,,,,,,,,
,ALIJAH,,AGUILAR,,901107074,N,20260801,,,,,,,,,,,,,,N,,,,,,,,,,,
,SADIE,C,DAY,,901107127,Y,20260801,001572-00,GEORGIA SOUTHERN UNIVERSITY,GA,4,Public,20260819,20261205,F,B,ELEMENTARY EDUCATION,131202,,,N,,,,,,,,,,,1
,JACOB,,BUCICCHIA,,901107265,N,20260801,,,,,,,,,,,,,,N,,,,,,,,,,,
,JANSEN,L,HAIGHT,,901106526,N,20260801,,,,,,,,,,,,,,N,,,,,,,,,,,
,ISABELLA,,BRIDGETTE,,901109000,N,20260801,,,,,,,,,,,,,,N,,,,,,,,,,,
,YOONA,,LEE,,901109011,N,20260801,,,,,,,,,,,,,,N,,,,,,,,,,,
,ESPERANZA,,GARCIA,,901107116,N,20260801,,,,,,,,,,,,,,N,,,,,,,,,,,
,IMAN,,ALEEMUDDIN,,901106665,Y,20260801,001585-00,UNIVERSITY OF NORTH GEORGIA,GA,4,Public,20260810,20261204,L,B,POST BACC NON DEGREE BACH,240102,,,N,,,,,,,,,,,1
,THOMAS,J,GIBSON,,901118931,N,20260801,,,,,,,,,,,,,,N,,,,,,,,,,,
,WILLIAM,J,DUNWODY,,901119847,N,20260801,,,,,,,,,,,,,,N,,,,,,,,,,,
,SOPHIA,,WANG,,901119987,N,20260801,,,,,,,,,,,,,,N,,,,,,,,,,,
,SAWYER,R,ALEXANDER,,901119999,Y,20260801,001588-00,PIEDMONT UNIVERSITY,GA,4,Private,20260812,20261208,Q,F,,,,,N,,,,,,,,,,,1
,DAWE,S,MARSA,,901120337,N,20260801,,,,,,,,,,,,,,N,,,,,,,,,,,
,KAIA,J,HADDEN,,901121206,N,20260801,,,,,,,,,,,,,,N,,,,,,,,,,,
,DANIEL,,POLO,,901124992,N,20260801,,,,,,,,,,,,,,N,,,,,,,,,,,
,TRISTAN,,SHERMAN,,901125066,N,20260801,,,,,,,,,,,,,,N,,,,,,,,,,,
,GREYSON,J,GEIST,,901091986,N,20260801,,,,,,,,,,,,,,N,,,,,,,,,,,
,CATHERINE,L,COOPER,,901055267,Y,20260801,001598-00,UNIVERSITY OF GEORGIA,GA,4,Public,20260804,20261231,F,B,INTENDED FINANCE,520801,,,N,,,,,,,,,,,1
,THANIA,,OLVERA,,901055242,N,20260801,,,,,,,,,,,,,,N,,,,,,,,,,,
,ERICA,M,WASSON,,901074210,Y,20260801,001598-00,UNIVERSITY OF GEORGIA,GA,4,Public,20260804,20261231,F,B,INTERNATIONAL AFFAIRS,450901,,,N,,,,,,,,,,,1
,TIMOTHY,M,SAMARSKY,,901084932,Y,20260801,001577-00,KENNESAW STATE UNIVERSITY,GA,4,Public,20260824,20261214,F,B,ELECTRICAL ENGINEERING,141001,,,N,,,,,,,,,,,1
,TYLER,C,LOSHY,,901089660,Y,20260801,001598-00,UNIVERSITY OF GEORGIA,GA,4,Public,20260804,20261231,F,B,INTENDED MECHANICAL ENG,141901,,,N,,,,,,,,,,,1
,MAKALEIGH,D,STEPHENS,,901089003,Y,20260801,001577-00,KENNESAW STATE UNIVERSITY,GA,4,Public,20260824,20261214,F,B,SECONDARY EDUCATION INTEREST,131205,,,N,,,,,,,,,,,1
,ANNA,S,MITCHELL,,901090196,Y,20260801,001598-00,UNIVERSITY OF GEORGIA,GA,4,Public,20260804,20261231,F,B,INTENDED COMM SCI AND DISORDER,510201,,,N,,,,,,,,,,,1
,AMY,E,ESCAMILLA,,901049774,Y,20260801,001598-00,UNIVERSITY OF GEORGIA,GA,4,Public,20260804,20261231,F,B,INTERNATIONAL AFFAIRS,450901,,,N,,,,,,,,,,,1
,AZUL,E,TAPIA,,900972603,N,20260801,,,,,,,,,,,,,,N,,,,,,,,,,,
,SAVANNAH,H,STEELE,,901061562,Y,20260801,001598-00,UNIVERSITY OF GEORGIA,GA,4,Public,20260804,20261231,F,B,PSYCHOLOGY,420101,,,N,,,,,,,,,,,1
,JACOB,A,COMPTON,,900905565,N,20260801,,,,,,,,,,,,,,N,,,,,,,,,,,
,CAMILA,E,ESCOBEDO,,900974619,N,20260801,,,,,,,,,,,,,,N,,,,,,,,,,,
,KARLI,R,KOLLER,,901056257,Y,20260801,020530-00,LIBERTY UNIVERSITY,VA,4,Private,20260824,20261218,F,S,AVIATION,490101,,,N,,,,,,,,,,,1
,NATALIE,A,BETANCOURT,,901051842,Y,20260801,001598-00,UNIVERSITY OF GEORGIA,GA,4,Public,20260804,20261231,F,B,BIOMEDICAL PHYSIOLOGY,260901,,,N,,,,,,,,,,,1
,KENNEDY,,CLARY,,900949401,N,20260801,,,,,,,,,,,,,,N,,,,,,,,,,,
,ALISON,G,GREEAR,,901062583,N,20260801,,,,,,,,,,,,,,N,,,,,,,,,,,
,LEE,,MENSAHN,,901002464,N,20260801,,,,,,,,,,,,,,N,,,,,,,,,,,
,SEBASTIAN,F,DUKE,,901111442,N,20260801,,,,,,,,,,,,,,N,,,,,,,,,,,
,JORDAN,S,WALKER,,900788774,N,20260801,,,,,,,,,,,,,,N,,,,,,,,,,,
,MARCUS,P,LOONUBON,,900698611,N,20260801,,,,,,,,,,,,,,N,,,,,,,,,,,
,THOMAS,G,SCOGGINS,,901046804,Y,20260801,001585-00,UNIVERSITY OF NORTH GEORGIA,GA,4,Public,20260810,20261204,H,A,MANAGEMENT,520201,,,N,,,,,,,,,,,1
,OLIVIA,M,CHERSKOV,,901058494,Y,20260801,001350-00,COLORADO STATE UNIVERSITY,CO,4,Public,20260824,20261218,F,S,ENV AND NATURAL RESOURCE ECON,010103,,,N,,,,,,,,,,,1
,PEYTON,F,WOOD,,900721372,N,20260801,,,,,,,,,,,,,,N,,,,,,,,,,,
,BROOKLYN,S,FOSTER,,900966145,N,20260801,,,,,,,,,,,,,,N,,,,,,,,,,,
,KATELYN,L,FITZPATRICK,,900816176,N,20260801,,,,,,,,,,,,,,N,,,,,,,,,,,
,ALEXIS,C,BALL,,900934301,N,20260801,,,,,,,,,,,,,,N,,,,,,,,,,,
,GUNNER,D,SPAIN,,901113841,N,20260801,,,,,,,,,,,,,,N,,,,,,,,,,,
,KRISSANDRA,M,WHITFIELD,,901115229,Y,20260801,041429-00,GEORGIA GWINNETT COLLEGE,GA,4,Public,20260810,20261208,F,B,PSYCHOLOGY,420101,,,N,,,,,,,,,,,1
,ANDREW,C,NEFF,,900934309,N,20260801,,,,,,,,,,,,,,N,,,,,,,,,,,
,CRISTIAN,J,SALAZAR,,901112360,N,20260801,,,,,,,,,,,,,,N,,,,,,,,,,,
,FATIMA,G,LOPEZ ABARCA,,901113297,N,20260801,,,,,,,,,,,,,,N,,,,,,,,,,,
,PETRONA,A,CANO MIGUEL,,901110282,N,20260801,,,,,,,,,,,,,,N,,,,,,,,,,,
,MOEIN,A,ARMAN,,901115600,N,20260801,,,,,,,,,,,,,,N,,,,,,,,,,,
,ELIZABETH,A,GOOCH,,900827770,N,20260801,,,,,,,,,,,,,,N,,,,,,,,,,,
,ISABELLA,A,SPRADLIN,,901128108,N,20260801,,,,,,,,,,,,,,N,,,,,,,,,,,
,SAKINA,,DIAL-WATSON,,900902670,N,20260801,,,,,,,,,,,,,,N,,,,,,,,,,,
,CAITLIN,B,KELLY,,901032018,N,20260801,,,,,,,,,,,,,,N,,,,,,,,,,,
,CHRISTY,M,BAGGETT,,900640073,N,20260801,,,,,,,,,,,,,,N,,,,,,,,,,,
,AVA,R,ESTES,,901072124,Y,20260801,001588-00,PIEDMONT UNIVERSITY,GA,4,Private,20260812,20261208,F,F,NURSING,513801,,,N,,,,,,,,,,,1
,ISHA,S,SHARMA,,900913625,N,20260801,,,,,,,,,,,,,,N,,,,,,,,,,,
,AIDEN,R,WATSON,,901057693,N,20260801,,,,,,,,,,,,,,N,,,,,,,,,,,
,HAYDN,M,JOHNSON,,901057706,N,20260801,,,,,,,,,,,,,,N,,,,,,,,,,,
,AVA,K,BRAXTON,,901057811,N,20260801,,,,,,,,,,,,,,N,,,,,,,,,,,
,FELICITY,L,JONES,,900252132,Y,20260801,001881-00,THE UNIVERSITY OF ARIZONA GLOBAL CAMPUS,AZ,4,Private,20260630,20260803,F,R,ACCOUNTING,520301,,,N,,,,,,,,,,,1
,FELICITY,L,JONES,,900252132,Y,20260801,001881-00,THE UNIVERSITY OF ARIZONA GLOBAL CAMPUS,AZ,4,Private,,,,,,,,,Y,20260803,BA,ACCOUNTING,520301,,,,,,,1
,JOSEPH,M,GALDIERI,,901115715,N,20260801,,,,,,,,,,,,,,N,,,,,,,,,,,
,ROBERT,M,IRWIN,,901078078,N,20260801,,,,,,,,,,,,,,N,,,,,,,,,,,
,DAN,D,MOUA,,900603612,N,20260801,,,,,,,,,,,,,,N,,,,,,,,,,,
,NICOLLE,,CORDOBA ALDANA,,900934895,N,20260801,,,,,,,,,,,,,,N,,,,,,,,,,,
,MARCOS,A,QUIJADA,,901103524,Y,20260801,001598-00,UNIVERSITY OF GEORGIA,GA,4,Public,20260804,20261231,F,B,INTENDED FINANCE,520801,,,N,,,,,,,,,,,1
,LIZZET,,CENDEJAS,,900986394,N,20260801,,,,,,,,,,,,,,N,,,,,,,,,,,
,TAYLOR,M,ZELLNER,,900962489,N,20260801,,,,,,,,,,,,,,N,,,,,,,,,,,
,JACQUELINE,S,FUGICH,,900014514,N,20260801,,,,,,,,,,,,,,N,,,,,,,,,,,
,MICHAEL,D,WERKHEISER,,900807211,N,20260801,,,,,,,,,,,,,,N,,,,,,,,,,,
,GRACE,S,SCHULTE,,900994210,N,20260801,,,,,,,,,,,,,,N,,,,,,,,,,,
