Date: 09/15/2026,,,,,NATIONAL STUDENT CLEARINGHOUSE,,,,,,
,,,,STUDENTTRACKER AGGREGATE REPORT: ANALYSIS OF INITIAL TRANSFERS ,,,,,,,
,,,,,FOR UNIVERSITY OF NORTH GEORGIA (001585-00),,,,,,
,,,,,,SUBMISSION ID #674394,,,,,


FILE NAME:,,,,,,,,,,202608accept_nonmatric_nsc_final.txt
FILE CREATION DATE:,,,,,,,,,,09/15/2026
QUERY/SEARCH TYPE:,,,,,,,,,,Subsequent Enrollment (SE)


SCHOOL,SCHOOL,SCHOOL,PUBLIC/,,% OF ,# OF STUDENTS-,# OF STUDENTS-,# OF STUDENTS-,# OF STUDENTS-,# OF STUDENTS-
CODE,NAME,TYPE,PRIVATE,STATE,STUDENTS,ID'D AT INITIAL,INITIAL SCHOOL,INITIAL SCHOOL,AWARDED DEGREE,AWARDED DEGREE BY
,,,,,,SCHOOL,BLOCKED,ON DETAIL REPORT,BY THIS SCHOOL,LATER SCHOOL(S)
----------------,-------------------------------------------------,--------,---------,---------,------------------,------------------,------------------,------------------,------------------,------------------
001598-00,UNIVERSITY OF GEORGIA,4,Public,GA,37.31%,100,1,99,0,0
001577-00,KENNESAW STATE UNIVERSITY,4,Public,GA,13.06%,35,0,35,0,0
001588-00,PIEDMONT UNIVERSITY,4,Private,GA,6.34%,17,0,17,0,0
001574-00,GEORGIA STATE UNIVERSITY,4,Public,GA,6.34%,17,0,17,0,0
001572-00,GEORGIA SOUTHERN UNIVERSITY,4,Public,GA,5.6%,15,0,15,0,0
001585-00,UNIVERSITY OF NORTH GEORGIA,4,Public,GA,5.6%,15,0,15,0,0
001556-00,BRENAU UNIVERSITY,4,Private,GA,2.61%,7,0,7,0,0
001596-00,UNIVERSITY OF TOCCOA FALLS,4,Private,GA,1.87%,5,0,5,0,0
001569-00,GEORGIA INSTITUTE OF TECHNOLOGY,4,Public,GA,1.49%,4,0,4,0,0
002981-00,WESTERN CAROLINA UNIVERSITY,4,Public,NC,1.49%,4,0,4,0,0
041429-00,GEORGIA GWINNETT COLLEGE,4,Public,GA,1.49%,4,0,4,0,0
002580-00,SOUTHERN NEW HAMPSHIRE- 09WEEK,4,Private,NH,1.12%,3,0,3,0,0
001554-00,BERRY COLLEGE,4,Private,GA,1.12%,3,0,3,0,0
001574-06,GEORGIA STATE UNIVERSITY- PERIMETER COLLEGE,2,Public,GA,1.12%,3,0,3,0,0
002423-00,MISSISSIPPI STATE UNIVERSITY,4,Public,MS,1.12%,3,0,3,0,0
001051-00,UNIVERSITY OF ALABAMA,4,Public,AL,.75%,2,0,2,0,0
001604-00,YOUNG HARRIS COLLEGE,4,Private,GA,.75%,2,0,2,0,0
003954-00,UNIVERSITY OF CENTRAL FLORIDA,4,Public,FL,.75%,2,0,2,0,0
001547-00,POINT UNIVERSITY,4,Private,GA,.75%,2,0,2,0,0
001563-00,EMMANUEL UNIVERSITY,4,Private,GA,.75%,2,0,2,0,0
003956-00,DALTON STATE COLLEGE,4,Public,GA,.75%,2,0,2,0,0
003448-00,UNIVERSITY OF SOUTH CAROLINA,4,Public,SC,.75%,2,0,2,0,0
003644-00,TEXAS TECH UNIVERSITY LUBBOCK,4,Public,TX,.37%,1,0,1,0,0
001350-00,COLORADO STATE UNIVERSITY,4,Public,CO,.37%,1,0,1,0,0
003484-00,COVENANT COLLEGE,4,Private,GA,.37%,1,0,1,0,0
033394-00,WESTERN GOVERNORS UNIVERSITY,4,Private,UT,.37%,1,0,1,0,0
001580-04,MERCER UNIVERSITY ATLANTA,4,Private,GA,.37%,1,0,1,0,0
001881-00,THE UNIVERSITY OF ARIZONA GLOBAL CAMPUS,4,Private,AZ,.37%,1,0,1,1,0
003721-00,JAMES MADISON UNIVERSITY,4,Public,VA,.37%,1,0,1,0,0
001535-00,UNIVERSITY OF FLORIDA,4,Public,FL,.37%,1,0,1,0,0
001052-00,UNIVERSITY OF ALABAMA BIRMINGHAM-TRADITIONAL,4,Public,AL,.37%,1,0,1,0,0
001564-01,EMORY UNIVERSITY-OXFORD,4,Private,GA,.37%,1,0,1,0,0
001047-00,TROY UNIVERSITY,4,Public,AL,.37%,1,0,1,0,0
009430-00,TRI-COUNTY COMMUNITY COLLEGE,2,Public,NC,.37%,1,0,1,0,0
002440-00,UNIVERSITY OF MISSISSIPPI,4,Public,MS,.37%,1,0,1,0,0
004938-00,SOUTH COLLEGE,4,Private,TN,.37%,1,0,1,0,0
020530-00,LIBERTY UNIVERSITY,4,Private,VA,.37%,1,0,1,0,0
008976-00,CLAYTON STATE UNIVERSITY,4,Public,GA,.37%,1,0,1,0,0
003529-00,UNIVERSITY OF TENNESSEE CHATTANOOGA,4,Public,TN,.37%,1,0,1,0,0
001009-00,AUBURN UNIVERSITY,4,Public,AL,.37%,1,0,1,0,0
032553-00,FLORIDA GULF COAST UNIVERSITY,4,Public,FL,.37%,1,0,1,0,0
----------------,-------------------------------------------------,--------,---------,---------,------------------,------------------,------------------,------------------,------------------,------------------
TOTAL:,,,,,100%,268,1,267,1,0