Date: 09/09/2026,,,,,NATIONAL STUDENT CLEARINGHOUSE,,,,,,
,,,,STUDENTTRACKER AGGREGATE REPORT: ANALYSIS OF INITIAL TRANSFERS ,,,,,,,
,,,,,FOR UNIVERSITY OF NORTH GEORGIA (001585-00),,,,,,
,,,,,,SUBMISSION ID #673939,,,,,


FILE NAME:,,,,,,,,,,202605stopouts_nsc_final.xlsx.txt
FILE CREATION DATE:,,,,,,,,,,09/09/2026
QUERY/SEARCH TYPE:,,,,,,,,,,Subsequent Enrollment (SE)


SCHOOL,SCHOOL,SCHOOL,PUBLIC/,,% OF ,# OF STUDENTS-,# OF STUDENTS-,# OF STUDENTS-,# OF STUDENTS-,# OF STUDENTS-
CODE,NAME,TYPE,PRIVATE,STATE,STUDENTS,ID'D AT INITIAL,INITIAL SCHOOL,INITIAL SCHOOL,AWARDED DEGREE,AWARDED DEGREE BY
,,,,,,SCHOOL,BLOCKED,ON DETAIL REPORT,BY THIS SCHOOL,LATER SCHOOL(S)
----------------,-------------------------------------------------,--------,---------,---------,------------------,------------------,------------------,------------------,------------------,------------------
001598-00,UNIVERSITY OF GEORGIA,4,Public,GA,28.67%,86,0,86,2,0
001577-00,KENNESAW STATE UNIVERSITY,4,Public,GA,10.%,30,0,30,0,0
001569-00,GEORGIA INSTITUTE OF TECHNOLOGY,4,Public,GA,10.%,30,0,30,0,0
001009-00,AUBURN UNIVERSITY,4,Public,AL,9.%,27,0,27,0,0
001585-00,UNIVERSITY OF NORTH GEORGIA,4,Public,GA,7.33%,22,0,22,0,0
001572-00,GEORGIA SOUTHERN UNIVERSITY,4,Public,GA,5.67%,17,0,17,0,0
001556-00,BRENAU UNIVERSITY,4,Private,GA,4.33%,13,0,13,0,0
001574-00,GEORGIA STATE UNIVERSITY,4,Public,GA,4.%,12,0,12,1,0
001574-06,GEORGIA STATE UNIVERSITY- PERIMETER COLLEGE,2,Public,GA,2.33%,7,0,7,0,0
003448-00,UNIVERSITY OF SOUTH CAROLINA,4,Public,SC,1.67%,5,0,5,0,0
001580-00,MERCER UNIVERSITY,4,Private,GA,1.33%,4,0,4,0,0
001588-00,PIEDMONT UNIVERSITY,4,Private,GA,1.%,3,0,3,0,0
041429-00,GEORGIA GWINNETT COLLEGE,4,Public,GA,.67%,2,0,2,0,0
001571-00,GEORGIA MILITARY COLLEGE- ONLINE,2,Public,GA,.67%,2,0,2,0,0
020530-00,LIBERTY UNIVERSITY,4,Private,VA,.67%,2,0,2,0,0
008976-00,CLAYTON STATE UNIVERSITY,4,Public,GA,.67%,2,0,2,0,0
001535-00,UNIVERSITY OF FLORIDA,4,Public,FL,.67%,2,0,2,0,0
001586-00,OGLETHORPE UNIVERSITY,4,Private,GA,.67%,2,0,2,0,0
004509-00,UNIVERSITY OF COLORADO COLORADO SPRINGS,4,Public,CO,.33%,1,0,1,0,0
001580-04,MERCER UNIVERSITY ATLANTA,4,Private,GA,.33%,1,0,1,0,0
001554-00,BERRY COLLEGE,4,Private,GA,.33%,1,0,1,0,0
002972-00,NORTH CAROLINA STATE UNIVERSITY,4,Public,NC,.33%,1,0,1,0,0
002931-00,GUILFORD COLLEGE,4,Private,NC,.33%,1,0,1,0,0
001710-00,LOYOLA OF CHICAGO - GRAD BUSINESS,4,Private,IL,.33%,1,0,1,0,0
003431-00,CONVERSE UNIVERSITY,4,Private,SC,.33%,1,0,1,0,0
006951-00,UNIVERSITY OF SOUTH CAROLINA UPSTATE,4,Public,SC,.33%,1,0,1,0,0
003125-00,UNIVERSITY OF CINCINNATI,4,Public,OH,.33%,1,0,1,1,0
001579-00,AUGUSTA UNIVERSITY,4,Public,GA,.33%,1,0,1,0,0
002011-00,LOUISIANA STATE UNIVERSITY AT ALEXANDRIA,4,Public,LA,.33%,1,0,1,0,0
002506-00,SAINT LOUIS UNIVERSITY,4,Private,MO,.33%,1,0,1,0,0
003754-00,VIRGINIA POLYTECH & STATE UNIV,4,Public,VA,.33%,1,0,1,0,0
003800-00,WASHINGTON STATE UNIVERSITY- PULLMAN,4,Public,WA,.33%,1,0,1,0,0
003435-00,LANDER UNIVERSITY,4,Public,SC,.33%,1,0,1,0,0
001538-00,UNIVERSITY OF TAMPA,4,Private,FL,.33%,1,0,1,0,0
001434-00,AMERICAN UNIVERSITY,4,Private,DC,.33%,1,0,1,0,0
003534-00,THE UNIVERSITY OF THE SOUTH,4,Private,TN,.33%,1,0,1,0,0
003438-00,MEDICAL UNIV OF SOUTH CAROLINA,4,Public,SC,.33%,1,0,1,0,0
012165-00,ATLANTA METROPOLITAN STATE COLLEGE,4,Public,GA,.33%,1,0,1,0,0
003632-00,TEXAS A&M UNIVERSITY,4,Public,TX,.33%,1,0,1,0,0
003998-00,CHATTANOOGA STATE COMMUNITY COLLEGE,2,Public,TN,.33%,1,0,1,0,0
001964-00,GEORGETOWN COLLEGE,4,Private,KY,.33%,1,0,1,0,0
003450-00,UNIVERSITY OF SOUTH CAROLINA BEAUFORT,4,Public,SC,.33%,1,0,1,0,0
001825-00,PURDUE UNIVERSITY - WEST LAFAYETTE,4,Public,IN,.33%,1,0,1,0,0
001563-00,EMMANUEL UNIVERSITY,4,Private,GA,.33%,1,0,1,0,0
003530-00,UNIVERSITY OF TENNESSEE,4,Public,TN,.33%,1,0,1,0,0
002981-00,WESTERN CAROLINA UNIVERSITY,4,Public,NC,.33%,1,0,1,0,0
001544-00,ALBANY STATE UNIVERSITY,4,Public,GA,.33%,1,0,1,0,0
001052-00,UNIVERSITY OF ALABAMA BIRMINGHAM-TRADITIONAL,4,Public,AL,.33%,1,0,1,0,0
003991-00,GREENVILLE TECHNICAL COLLEGE,2,Public,SC,.33%,1,0,1,0,0
003728-00,OLD DOMINION UNIVERSITY,4,Public,VA,.33%,1,0,1,0,0
----------------,-------------------------------------------------,--------,---------,---------,------------------,------------------,------------------,------------------,------------------,------------------
TOTAL:,,,,,100%,300,0,300,4,0