Date: 08/28/2026,,,,,NATIONAL STUDENT CLEARINGHOUSE,,,,,,
,,,,STUDENTTRACKER AGGREGATE REPORT: ANALYSIS OF INITIAL TRANSFERS ,,,,,,,
,,,,,FOR UNIVERSITY OF NORTH GEORGIA (001585-00),,,,,,
,,,,,,SUBMISSION ID #672891,,,,,


FILE NAME:,,,,,,,,,,202608attrition_nsc_final.txt
FILE CREATION DATE:,,,,,,,,,,08/28/2026
QUERY/SEARCH TYPE:,,,,,,,,,,Subsequent Enrollment (SE)


SCHOOL,SCHOOL,SCHOOL,PUBLIC/,,% OF ,# OF STUDENTS-,# OF STUDENTS-,# OF STUDENTS-,# OF STUDENTS-,# OF STUDENTS-
CODE,NAME,TYPE,PRIVATE,STATE,STUDENTS,ID'D AT INITIAL,INITIAL SCHOOL,INITIAL SCHOOL,AWARDED DEGREE,AWARDED DEGREE BY
,,,,,,SCHOOL,BLOCKED,ON DETAIL REPORT,BY THIS SCHOOL,LATER SCHOOL(S)
----------------,-------------------------------------------------,--------,---------,---------,------------------,------------------,------------------,------------------,------------------,------------------
001598-00,UNIVERSITY OF GEORGIA,4,Public,GA,37.72%,258,0,258,0,0
001577-00,KENNESAW STATE UNIVERSITY,4,Public,GA,33.63%,230,0,230,0,0
001585-00,UNIVERSITY OF NORTH GEORGIA,4,Public,GA,5.56%,38,0,38,0,0
001588-00,PIEDMONT UNIVERSITY,4,Private,GA,3.36%,23,0,23,0,0
001569-00,GEORGIA INSTITUTE OF TECHNOLOGY,4,Public,GA,2.78%,19,0,19,0,0
001574-06,GEORGIA STATE UNIVERSITY- PERIMETER COLLEGE,2,Public,GA,1.32%,9,0,9,0,0
003448-00,UNIVERSITY OF SOUTH CAROLINA,4,Public,SC,1.17%,8,0,8,0,0
002981-00,WESTERN CAROLINA UNIVERSITY,4,Public,NC,1.17%,8,0,8,0,0
001574-00,GEORGIA STATE UNIVERSITY,4,Public,GA,1.02%,7,0,7,0,0
001571-00,GEORGIA MILITARY COLLEGE- ONLINE,2,Public,GA,.88%,6,0,6,0,0
009507-00,GEORGIA HIGHLANDS COLLEGE,4,Public,GA,.88%,6,0,6,0,0
001579-00,AUGUSTA UNIVERSITY,4,Public,GA,.73%,5,0,5,0,0
020530-00,LIBERTY UNIVERSITY,4,Private,VA,.58%,4,0,4,0,0
004938-00,SOUTH COLLEGE,4,Private,TN,.58%,4,2,2,0,0
006385-00,CHAMBERLAIN UNIVERSITY,4,Private,IL,.44%,3,0,3,0,0
001571-00,GEORGIA MILITARY COLLEGE,2,Public,GA,.44%,3,0,3,0,0
033394-00,WESTERN GOVERNORS UNIVERSITY,4,Private,UT,.44%,3,0,3,0,0
003090-00,THE OHIO STATE UNIVERSITY,4,Public,OH,.29%,2,0,2,0,0
002580-00,SOUTHERN NEW HAMPSHIRE- 09WEEK,4,Private,NH,.29%,2,0,2,0,0
003446-00,SOUTH CAROLINA STATE UNIVERSITY,4,Public,SC,.29%,2,0,2,0,0
001081-00,ARIZONA STATE UNIVERSITY,4,Public,AZ,.29%,2,0,2,0,0
031009-00,LUTHER RICE COLLEGE & SEMINARY,4,Private,GA,.15%,1,0,1,0,0
004508-00,UNIVERSITY OF COLORADO  DENVER,4,Public,CO,.15%,1,0,1,0,0
001028-00,MILES COLLEGE,4,Private,AL,.15%,1,0,1,0,0
001009-00,AUBURN UNIVERSITY,4,Public,AL,.15%,1,0,1,0,0
001556-00,BRENAU UNIVERSITY,4,Private,GA,.15%,1,0,1,0,0
003502-00,LINCOLN MEMORIAL UNIVERSITY,4,Private,TN,.15%,1,0,1,0,0
003719-00,LONGWOOD UNIVERSITY,4,Public,VA,.15%,1,0,1,0,0
001571-00,GEORGIA MILITARY COLLEGE- MADISON,2,Public,GA,.15%,1,0,1,0,0
001571-00,GEORGIA MILITARY COLLEGE- FAIRBURN,2,Public,GA,.15%,1,0,1,0,0
001417-00,UNIVERSITY OF CONNECTICUT,4,Public,CT,.15%,1,0,1,0,0
001962-00,UNIVERSITY OF THE CUMBERLANDS,4,Private,KY,.15%,1,0,1,0,0
020748-00,LIFE UNIVERSITY,4,Private,GA,.15%,1,0,1,0,0
010198-00,ECPI UNIVERSITY - ONLINE,4,Private,VA,.15%,1,0,1,0,0
002011-00,LOUISIANA STATE UNIVERSITY AT ALEXANDRIA,4,Public,LA,.15%,1,0,1,0,0
003125-00,UNIVERSITY OF CINCINNATI,4,Public,OH,.15%,1,0,1,0,0
002103-00,UNIVERSITY OF MARYLAND-COLLEGE PARK,4,Public,MD,.15%,1,0,1,0,0
003711-00,FERRUM COLLEGE,4,Private,VA,.15%,1,0,1,0,0
001586-00,OGLETHORPE UNIVERSITY,4,Private,GA,.15%,1,0,1,0,0
004586-00,PURDUE UNIVERSITY GLOBAL,4,Public,IN,.15%,1,0,1,0,0
001459-00,STRAYER UNIVERSITY- WASHINGTON,4,Private,DC,.15%,1,0,1,0,0
041618-00,UNIVERSITY OF MASSACHUSETTS GLOBAL,4,Private,CA,.15%,1,0,1,0,0
003425-00,CLEMSON UNIVERSITY,4,Public,SC,.15%,1,0,1,0,0
001537-00,UNIVERSITY OF SOUTH FLORIDA,4,Public,FL,.15%,1,0,1,0,0
003749-00,GEORGE MASON UNIVERSITY,4,Public,VA,.15%,1,0,1,0,0
003184-00,UNIVERSITY OF OKLAHOMA,4,Public,OK,.15%,1,0,1,0,0
002126-00,BERKLEE COLLEGE OF MUSIC - ONLINE,4,Private,MA,.15%,1,0,1,0,0
005372-00,SOUTH PUGET SOUND COMMUNITY COLLEGE,2,Public,WA,.15%,1,0,1,0,0
038193-00,AMERICAN PUBLIC UNIVERSITY SYSTEM,4,Private,WV,.15%,1,0,1,0,0
006951-00,UNIVERSITY OF SOUTH CAROLINA UPSTATE,4,Public,SC,.15%,1,0,1,0,0
041215-00,COLUMBIA SOUTHERN UNIVERSITY,4,Private,AL,.15%,1,0,1,0,0
001881-00,THE UNIVERSITY OF ARIZONA GLOBAL CAMPUS,4,Private,AZ,.15%,1,0,1,0,0
002678-02,BRYANT & STRATTON COLLEGE - SOUTHTOWNS,4,Private,NY,.15%,1,0,1,0,0
010727-00,DEVRY UNIVERSITY,4,Private,IL,.15%,1,0,1,0,0
003932-00,UNIVERSITY OF WYOMING,4,Public,WY,.15%,1,0,1,0,0
001767-00,BENEDICTINE UNIVERSITY,4,Private,IL,.15%,1,0,1,0,0
002941-00,LENOIR-RHYNE UNIVERSITY,4,Private,NC,.15%,1,0,1,0,0
003529-00,UNIVERSITY OF TENNESSEE CHATTANOOGA,4,Public,TN,.15%,1,0,1,0,0
025042-00,WALDEN UNIVERSITY,4,Private,MN,.15%,1,0,1,0,0
003419-00,CHARLESTON SOUTHERN UNIVERSITY,4,Private,SC,.15%,1,0,1,0,0
003434-00,FURMAN UNIVERSITY,4,Private,SC,.15%,1,0,1,0,0
021922-00,THOMAS EDISON STATE UNIVERSITY,4,Public,NJ,.15%,1,0,1,0,0
003754-00,VIRGINIA POLYTECH & STATE UNIV,4,Public,VA,.15%,1,0,1,0,0
----------------,-------------------------------------------------,--------,---------,---------,------------------,------------------,------------------,------------------,------------------,------------------
TOTAL:,,,,,100%,684,2,682,0,0